<?xml version="1.0" encoding="UTF-8"?>
<jcr:root xmlns:sling="http://sling.apache.org/jcr/sling/1.0" xmlns:cq="http://www.day.com/jcr/cq/1.0" xmlns:jcr="http://www.jcp.org/jcr/1.0" xmlns:nt="http://www.jcp.org/jcr/nt/1.0"
    jcr:primaryType="nt:unstructured"
    jcr:title="Carousel"
    sling:resourceType="cq/gui/components/authoring/dialog"
    extraClientlibs="[image.multi]"
    helppath="en/cq/current/wcm/&#xa;default_components.html#Carousel">
    <content
        jcr:primaryType="nt:unstructured"
        sling:resourceType="granite/ui/components/coral/foundation/fixedcolumns"
        margin="{Boolean}false">
        <items jcr:primaryType="nt:unstructured">
            <column
                jcr:primaryType="nt:unstructured"
                sling:resourceType="granite/ui/components/coral/foundation/container">
                <items jcr:primaryType="nt:unstructured">
                    <links
                        jcr:primaryType="nt:unstructured"
                        sling:resourceType="granite/ui/components/foundation/form/multifield"
                        class="full-width"
                        eaem-nested=""
                        fieldDescription="Click '+' to add a new field"
                        fieldLabel="Links">
                        <field
                            jcr:primaryType="nt:unstructured"
                            sling:resourceType="granite/ui/components/foundation/form/fieldset"
                            name="./links">
                            <layout
                                jcr:primaryType="nt:unstructured"
                                sling:resourceType="granite/ui/components/foundation/layouts/fixedcolumns"
                                method="absolute"/>
                            <items jcr:primaryType="nt:unstructured">
                                <column
                                    jcr:primaryType="nt:unstructured"
                                    sling:resourceType="granite/ui/components/foundation/container">
                                    <items jcr:primaryType="nt:unstructured">
                                        <link
                                            jcr:primaryType="nt:unstructured"
                                            sling:resourceType="granite/ui/components/foundation/form/fileupload"
                                            allowUpload="{Boolean}false"
                                            autoStart="{Boolean}false"
                                            class="cq-droptarget"
                                            fieldLabel="Image asset"
                                            fileNameParameter="./linkName"
                                            fileReferenceParameter="./linkReference"
                                            mimeTypes="[image]"
                                            multiple="{Boolean}false"
                                            name="./link"
                                            title="Upload Image Asset"
                                            uploadUrl="${suffix.path}"
                                            useHTML5="{Boolean}true"/>
                                        <linkText/>
                                        <linkTitle/>
                                        <redirectlink/>
                                    </items>
                                </column>
                            </items>
                        </field>
                    </links>
                </items>
            </column>
        </items>
    </content>
</jcr:root>
