<?xml version="1.0" encoding="UTF-8"?>
<jcr:root xmlns:sling="http://sling.apache.org/jcr/sling/1.0" xmlns:cq="http://www.day.com/jcr/cq/1.0" xmlns:jcr="http://www.jcp.org/jcr/1.0" xmlns:nt="http://www.jcp.org/jcr/nt/1.0"
    jcr:primaryType="nt:unstructured"
    jcr:title="Offer/Benefit/Event Page Creation"
    sling:resourceType="cq/gui/components/authoring/dialog"
    extraClientlibs="[offer.entry.dialog]">
    <content
        jcr:primaryType="nt:unstructured"
        sling:resourceType="granite/ui/components/foundation/container">
        <layout
            jcr:primaryType="nt:unstructured"
            sling:resourceType="granite/ui/components/foundation/layouts/tabs"
            type="nav"/>
        <items jcr:primaryType="nt:unstructured">
            <Tab1
                jcr:primaryType="nt:unstructured"
                jcr:title="Description"
                sling:resourceType="granite/ui/components/foundation/section">
                <layout
                    jcr:primaryType="nt:unstructured"
                    sling:resourceType="granite/ui/components/foundation/layouts/fixedcolumns"
                    margin="{Boolean}false"/>
                <items jcr:primaryType="nt:unstructured">
                    <column
                        jcr:primaryType="nt:unstructured"
                        sling:resourceType="granite/ui/components/foundation/container">
                        <items jcr:primaryType="nt:unstructured">
                            <type
                                jcr:primaryType="nt:unstructured"
                                sling:resourceType="granite/ui/components/foundation/form/select"
                                fieldLabel="Type"
                                name="./pageType">
                                <items jcr:primaryType="nt:unstructured">
                                    <offer
                                        jcr:primaryType="nt:unstructured"
                                        text="Offer"
                                        value="offer"/>
                                    <benefit
                                        jcr:primaryType="nt:unstructured"
                                        text="Benefit"
                                        value="benefit"/>
                                    <event
                                        jcr:primaryType="nt:unstructured"
                                        text="Event"
                                        value="event"/>
                                </items>
                            </type>
                            <merchantName
                                jcr:primaryType="nt:unstructured"
                                sling:resourceType="granite/ui/components/foundation/form/textfield"
                                class="merchant-name-validator"
                                fieldLabel="Merchant Name ( Maximum characters allowed are 255 )"
                                maxlength="{Long}255"
                                name="./merchantName"/>
                            <offerTitle
                                jcr:primaryType="nt:unstructured"
                                sling:resourceType="granite/ui/components/foundation/form/textfield"
                                fieldLabel="Offer Title ( Maximum characters allowed are 200 )"
                                maxlength="{Long}200"
                                name="./offerTitle"
                                required="{Boolean}true"/>
                            <foi
                                jcr:primaryType="nt:unstructured"
                                sling:resourceType="granite/ui/components/coral/foundation/form/select"
                                fieldLabel="Featured Offer Indicator"
                                name="./foIndicator">
                                <items jcr:primaryType="nt:unstructured">
                                    <no
                                        jcr:primaryType="nt:unstructured"
                                        text="No"
                                        value="no"/>
                                    <yes
                                        jcr:primaryType="nt:unstructured"
                                        text="Yes"
                                        value="yes"/>
                                </items>
                            </foi>
                            <validityDates
                                jcr:primaryType="nt:unstructured"
                                sling:resourceType="granite/ui/components/foundation/container">
                                <items jcr:primaryType="nt:unstructured">
                                    <heading
                                        jcr:primaryType="nt:unstructured"
                                        sling:resourceType="granite/ui/components/foundation/heading"
                                        level="{Long}4"
                                        text="Validity Dates"/>
                                    <well
                                        jcr:primaryType="nt:unstructured"
                                        sling:resourceType="granite/ui/components/foundation/container">
                                        <layout
                                            jcr:primaryType="nt:unstructured"
                                            sling:resourceType="granite/ui/components/foundation/layouts/well"/>
                                        <items jcr:primaryType="nt:unstructured">
                                            <startDate
                                                jcr:primaryType="nt:unstructured"
                                                sling:resourceType="granite/ui/components/coral/foundation/form/datepicker"
                                                displayedFormat="MM/DD/YYYY"
                                                fieldLabel="Validity Start Date"
                                                minDate="today"
                                                name="./valStartDate"
                                                type="date"
                                                validation="custom-validator-validity-dates"
                                                value="today"/>
                                            <endDate
                                                jcr:primaryType="nt:unstructured"
                                                sling:resourceType="granite/ui/components/coral/foundation/form/datepicker"
                                                displayedFormat="MM/DD/YYYY"
                                                fieldLabel="Validity End Date"
                                                minDate="today"
                                                name="./valEndDate"
                                                type="date"
                                                validation="custom-validator-validity-dates"
                                                value="2099-12-12"/>
                                        </items>
                                    </well>
                                </items>
                            </validityDates>
                            <promotionDates
                                jcr:primaryType="nt:unstructured"
                                sling:resourceType="granite/ui/components/foundation/container">
                                <items jcr:primaryType="nt:unstructured">
                                    <heading
                                        jcr:primaryType="nt:unstructured"
                                        sling:resourceType="granite/ui/components/foundation/heading"
                                        level="{Long}4"
                                        text="Promotion Dates"/>
                                    <well
                                        jcr:primaryType="nt:unstructured"
                                        sling:resourceType="granite/ui/components/foundation/container">
                                        <layout
                                            jcr:primaryType="nt:unstructured"
                                            sling:resourceType="granite/ui/components/foundation/layouts/well"/>
                                        <items jcr:primaryType="nt:unstructured">
                                            <startDate
                                                jcr:primaryType="nt:unstructured"
                                                sling:resourceType="granite/ui/components/coral/foundation/form/datepicker"
                                                displayedFormat="MM/DD/YYYY"
                                                fieldLabel="Promotion Start Date"
                                                minDate="today"
                                                name="./promoStartDate"
                                                type="date"
                                                validation="custom-validator-promotion-dates"
                                                value="today"/>
                                            <endDate
                                                jcr:primaryType="nt:unstructured"
                                                sling:resourceType="granite/ui/components/coral/foundation/form/datepicker"
                                                displayedFormat="MM/DD/YYYY"
                                                fieldLabel="Promotion End Date"
                                                minDate="today"
                                                name="./promoEndDate"
                                                type="date"
                                                validation="custom-validator-promotion-dates"
                                                value="2099-12-12"/>
                                        </items>
                                    </well>
                                </items>
                            </promotionDates>
                            <offerShortDescription
                                jcr:primaryType="nt:unstructured"
                                sling:resourceType="granite/ui/components/foundation/form/textfield"
                                fieldLabel="Offer Short Description ( Maximum characters allowed are 1024 )"
                                maxlength="{Long}1024"
                                name="./offerShortDesc"
                                required="{Boolean}true"/>
                            <images
                                jcr:primaryType="nt:unstructured"
                                sling:resourceType="granite/ui/components/foundation/container">
                                <items jcr:primaryType="nt:unstructured">
                                    <heading
                                        jcr:primaryType="nt:unstructured"
                                        sling:resourceType="granite/ui/components/foundation/heading"
                                        level="{Long}4"
                                        text=" Images"/>
                                    <well
                                        jcr:primaryType="nt:unstructured"
                                        sling:resourceType="granite/ui/components/foundation/container">
                                        <layout
                                            jcr:primaryType="nt:unstructured"
                                            sling:resourceType="granite/ui/components/foundation/layouts/well"/>
                                        <items jcr:primaryType="nt:unstructured">
                                            <heroImage
                                                jcr:primaryType="nt:unstructured"
                                                sling:resourceType="cq/gui/components/authoring/dialog/fileupload"
                                                allowUpload="{Boolean}false"
                                                autoStart="{Boolean}false"
                                                class="cq-droptarget"
                                                fieldLabel="Hero Image"
                                                fileNameParameter="./fileName"
                                                fileReferenceParameter="./heroImage"
                                                mimeTypes="[image]"
                                                multiple="{Boolean}false"
                                                name="./heroImageName"
                                                title="Upload Image Asset"
                                                uploadUrl="${suffix.path}"
                                                useHTML5="{Boolean}true"/>
                                            <alttext
                                                jcr:primaryType="nt:unstructured"
                                                sling:resourceType="granite/ui/components/coral/foundation/form/textfield"
                                                fieldLabel="HeroImage Alt Text"
                                                name="./heroImageAltText"/>
                                            <thumbImage
                                                jcr:primaryType="nt:unstructured"
                                                sling:resourceType="cq/gui/components/authoring/dialog/fileupload"
                                                allowUpload="{Boolean}false"
                                                autoStart="{Boolean}false"
                                                class="cq-droptarget"
                                                fieldLabel="Thumbnail  Image"
                                                fileNameParameter="./fileName"
                                                fileReferenceParameter="./thumbImage"
                                                mimeTypes="[image]"
                                                multiple="{Boolean}false"
                                                name="./thumbImageName"
                                                title="Upload Image Asset"
                                                uploadUrl="${suffix.path}"
                                                useHTML5="{Boolean}true"/>
                                            <thumbnailAltText
                                                jcr:primaryType="nt:unstructured"
                                                sling:resourceType="granite/ui/components/coral/foundation/form/textfield"
                                                fieldLabel="Thumbnail Image Alt Text"
                                                name="./thumbnailImageAltText"/>
                                        </items>
                                    </well>
                                </items>
                            </images>
                            <status
                                jcr:primaryType="nt:unstructured"
                                sling:resourceType="granite/ui/components/coral/foundation/form/select"
                                fieldLabel="Status"
                                name="./offerStatus">
                                <items jcr:primaryType="nt:unstructured">
                                    <active
                                        jcr:primaryType="nt:unstructured"
                                        text="Active"
                                        value="active"/>
                                    <inactive
                                        jcr:primaryType="nt:unstructured"
                                        text="Inactive"
                                        value="inactive"/>
                                </items>
                            </status>
                        </items>
                    </column>
                </items>
            </Tab1>
            <Tab2
                jcr:primaryType="nt:unstructured"
                jcr:title="Details"
                sling:resourceType="granite/ui/components/foundation/section">
                <layout
                    jcr:primaryType="nt:unstructured"
                    sling:resourceType="granite/ui/components/foundation/layouts/fixedcolumns"
                    margin="{Boolean}false"/>
                <items jcr:primaryType="nt:unstructured">
                    <column
                        jcr:primaryType="nt:unstructured"
                        sling:resourceType="granite/ui/components/foundation/container">
                        <items jcr:primaryType="nt:unstructured">
                            <offerCopy
                                jcr:primaryType="nt:unstructured"
                                sling:resourceType="cq/gui/components/authoring/dialog/richtext"
                                emptyText="123"
                                fieldLabel="Offer Copy"
                                maxLength="20000"
                                name="./offerCopy"
                                useFixedInlineToolbar="{Boolean}true">
                                <rtePlugins
                                    jcr:primaryType="nt:unstructured"
                                    sling:resourceSuperType="/apps/vpp/dialogs/StandardRTE/rtePlugins"/>
                                <uiSettings
                                    jcr:primaryType="nt:unstructured"
                                    sling:resourceSuperType="/apps/vpp/dialogs/StandardRTE/uiSettings"/>
                            </offerCopy>
                            <merchantTandC
                                jcr:primaryType="nt:unstructured"
                                sling:resourceType="cq/gui/components/authoring/dialog/richtext"
                                fieldLabel="Merchant Terms &amp; Conditions"
                                maxLength="20000"
                                name="./merchantTandC"
                                useFixedInlineToolbar="{Boolean}true">
                                <rtePlugins
                                    jcr:primaryType="nt:unstructured"
                                    sling:resourceSuperType="/apps/vpp/dialogs/StandardRTE/rtePlugins"/>
                                <uiSettings
                                    jcr:primaryType="nt:unstructured"
                                    sling:resourceSuperType="/apps/vpp/dialogs/StandardRTE/uiSettings"/>
                            </merchantTandC>
                            <FAQs
                                jcr:primaryType="nt:unstructured"
                                sling:resourceType="cq/gui/components/authoring/dialog/richtext"
                                fieldLabel="FAQs"
                                maxLength="20000"
                                name="./faqs"
                                useFixedInlineToolbar="{Boolean}true">
                                <rtePlugins
                                    jcr:primaryType="nt:unstructured"
                                    sling:resourceSuperType="/apps/vpp/dialogs/StandardRTE/rtePlugins"/>
                                <uiSettings
                                    jcr:primaryType="nt:unstructured"
                                    sling:resourceSuperType="/apps/vpp/dialogs/StandardRTE/uiSettings"/>
                            </FAQs>
                            <merchantLogo
                                jcr:primaryType="nt:unstructured"
                                sling:resourceType="cq/gui/components/authoring/dialog/fileupload"
                                allowUpload="{Boolean}false"
                                autoStart="{Boolean}false"
                                class="cq-droptarget"
                                fieldLabel="Merchant Logo"
                                fileNameParameter="./fileName"
                                fileReferenceParameter="./merchantLogo"
                                mimeTypes="[image]"
                                multiple="{Boolean}false"
                                name="./merchantLogoName"
                                title="Upload Image Asset"
                                uploadUrl="${suffix.path}"
                                useHTML5="{Boolean}true"/>
                            <merchantLogoAltText
                                jcr:primaryType="nt:unstructured"
                                sling:resourceType="granite/ui/components/coral/foundation/form/textfield"
                                fieldLabel="MerchantLogo Alt Text"
                                name="./merchantLogoAltText"/>
                        </items>
                    </column>
                </items>
            </Tab2>
            <Tab3
                jcr:primaryType="nt:unstructured"
                jcr:title="Participation Rules"
                sling:resourceType="granite/ui/components/foundation/section">
                <layout
                    jcr:primaryType="nt:unstructured"
                    sling:resourceType="granite/ui/components/foundation/layouts/fixedcolumns"
                    margin="{Boolean}false"/>
                <items jcr:primaryType="nt:unstructured">
                    <column
                        jcr:primaryType="nt:unstructured"
                        sling:resourceType="granite/ui/components/foundation/container">
                        <items jcr:primaryType="nt:unstructured">
                            <visaTandC
                                jcr:primaryType="nt:unstructured"
                                sling:resourceType="cq/gui/components/authoring/dialog/richtext"
                                fieldLabel="Visa Terms &amp; Conditions"
                                maxLength="20000"
                                name="./visaTandC"
                                useFixedInlineToolbar="{Boolean}true">
                                <rtePlugins
                                    jcr:primaryType="nt:unstructured"
                                    sling:resourceSuperType="/apps/vpp/dialogs/StandardRTE/rtePlugins"/>
                                <uiSettings
                                    jcr:primaryType="nt:unstructured"
                                    sling:resourceSuperType="/apps/vpp/dialogs/StandardRTE/uiSettings"/>
                            </visaTandC>
                            <redemCountries
                                jcr:primaryType="nt:unstructured"
                                sling:resourceType="granite/ui/components/coral/foundation/form/select"
                                emptyText="Please Select Redemption Countries"
                                fieldLabel="Redemption Countries"
                                multiple="{Boolean}true"
                                name="./redemCountries">
                                <datasource
                                    jcr:primaryType="nt:unstructured"
                                    sling:resourceType="acs-commons/components/utilities/genericlist/datasource"
                                    addNone="{Boolean}true"
                                    path="/etc/vpp/tools/vppCountryList"/>
                            </redemCountries>
                            <promoCountries
                                jcr:primaryType="nt:unstructured"
                                sling:resourceType="granite/ui/components/coral/foundation/form/select"
                                emptyText="Please Select Promoting Countries"
                                fieldLabel="Promoting Countries"
                                multiple="{Boolean}true"
                                name="./promoCountries">
                                <datasource
                                    jcr:primaryType="nt:unstructured"
                                    sling:resourceType="acs-commons/components/utilities/genericlist/datasource"
                                    addNone="{Boolean}true"
                                    path="/etc/vpp/tools/vppCountryList"/>
                            </promoCountries>
                            <categories
                                jcr:primaryType="nt:unstructured"
                                sling:resourceType="granite/ui/components/coral/foundation/form/select"
                                emptyText="Please Select Categories"
                                fieldLabel="Categories"
                                multiple="{Boolean}true"
                                name="./categories">
                                <items jcr:primaryType="nt:unstructured">
                                    <foodandwine
                                        jcr:primaryType="nt:unstructured"
                                        text="Food &amp; Wine"
                                        value="foodandwine"/>
                                    <lifestyle
                                        jcr:primaryType="nt:unstructured"
                                        text="Lifestyle"
                                        value="lifestyle"/>
                                    <Other
                                        jcr:primaryType="nt:unstructured"
                                        text="Other"
                                        value="other"/>
                                    <protection
                                        jcr:primaryType="nt:unstructured"
                                        text="Protection"
                                        value="protection"/>
                                    <retail
                                        jcr:primaryType="nt:unstructured"
                                        text="Retail"
                                        value="retail"/>
                                    <travel
                                        jcr:primaryType="nt:unstructured"
                                        text="Travel"
                                        value="travel"/>
                                </items>
                            </categories>
                            <benefitTypeCode
                                jcr:primaryType="nt:unstructured"
                                sling:resourceType="granite/ui/components/coral/foundation/form/select"
                                emptyText="Please Select Benefit Type Code"
                                fieldLabel="Benefit Type Code"
                                multiple="{Boolean}true"
                                name="./benefitTypeCode">
                                <items jcr:primaryType="nt:unstructured">
                                    <VILHC
                                        jcr:primaryType="nt:unstructured"
                                        text="VILHC"
                                        value="VILHC"/>
                                    <ARCDW1
                                        jcr:primaryType="nt:unstructured"
                                        text="ARCDW1"
                                        value="ARCDW1"/>
                                    <VCS
                                        jcr:primaryType="nt:unstructured"
                                        text="VCS"
                                        value="VCS"/>
                                    <GEAS
                                        jcr:primaryType="nt:unstructured"
                                        text="GEAS"
                                        value="GEAS"/>
                                    <PCRB
                                        jcr:primaryType="nt:unstructured"
                                        text="PCRB"
                                        value="PCRB"/>
                                    <LLR
                                        jcr:primaryType="nt:unstructured"
                                        text="LLR"
                                        value="LLR"/>
                                    <TDR
                                        jcr:primaryType="nt:unstructured"
                                        text="TDR"
                                        value="TDR"/>
                                    <CIS
                                        jcr:primaryType="nt:unstructured"
                                        text="CIS"
                                        value="CIS"/>
                                    <ECR
                                        jcr:primaryType="nt:unstructured"
                                        text="ECR"
                                        value="ECR"/>
                                    <DAB
                                        jcr:primaryType="nt:unstructured"
                                        text="DAB"
                                        value="DAB"/>
                                    <HB
                                        jcr:primaryType="nt:unstructured"
                                        text="HB"
                                        value="HB"/>
                                    <VSPK
                                        jcr:primaryType="nt:unstructured"
                                        text="VSPK"
                                        value="VSPK"/>
                                    <TCT1
                                        jcr:primaryType="nt:unstructured"
                                        text="TCT1"
                                        value="TCT1"/>
                                    <TAI
                                        jcr:primaryType="nt:unstructured"
                                        text="TAI"
                                        value="TAI"/>
                                    <PS
                                        jcr:primaryType="nt:unstructured"
                                        text="PS"
                                        value="PS"/>
                                    <RP
                                        jcr:primaryType="nt:unstructured"
                                        text="RP"
                                        value="RP"/>
                                    <WMS
                                        jcr:primaryType="nt:unstructured"
                                        text="WMS"
                                        value="WMS"/>
                                    <ECD
                                        jcr:primaryType="nt:unstructured"
                                        text="ECD"
                                        value="ECD"/>
                                    <RD
                                        jcr:primaryType="nt:unstructured"
                                        text="RD"
                                        value="RD"/>
                                    <TEAS
                                        jcr:primaryType="nt:unstructured"
                                        text="TEAS"
                                        value="TEAS"/>
                                    <GOGO
                                        jcr:primaryType="nt:unstructured"
                                        text="GOGO"
                                        value="GOGO"/>
                                    <PEL
                                        jcr:primaryType="nt:unstructured"
                                        text="PEL"
                                        value="PEL"/>
                                    <AISC
                                        jcr:primaryType="nt:unstructured"
                                        text="AISC"
                                        value="AISC"/>
                                    <BLG
                                        jcr:primaryType="nt:unstructured"
                                        text="BLG"
                                        value="BLG"/>
                                    <EETC
                                        jcr:primaryType="nt:unstructured"
                                        text="EETC"
                                        value="EETC"/>
                                    <HMBR
                                        jcr:primaryType="nt:unstructured"
                                        text="HMBR"
                                        value="HMBR"/>
                                    <PP
                                        jcr:primaryType="nt:unstructured"
                                        text="PP"
                                        value="PP"/>
                                    <PIT
                                        jcr:primaryType="nt:unstructured"
                                        text="PIT"
                                        value="PIT"/>
                                </items>
                            </benefitTypeCode>
                            <cardProducts
                                jcr:primaryType="nt:unstructured"
                                sling:resourceType="granite/ui/components/coral/foundation/form/select"
                                emptyText="Please Select Card Products"
                                fieldLabel="Card Products"
                                multiple="{Boolean}true"
                                name="./cardProducts">
                                <items jcr:primaryType="nt:unstructured">
                                    <visaClassic
                                        jcr:primaryType="nt:unstructured"
                                        text=" Visa Classic"
                                        value="visaClassic"/>
                                    <visaElectron
                                        jcr:primaryType="nt:unstructured"
                                        text="Visa Electron"
                                        value="visaElectron"/>
                                    <visaGold
                                        jcr:primaryType="nt:unstructured"
                                        text="Visa Gold"
                                        value="visaGold"/>
                                    <visaInfinite
                                        jcr:primaryType="nt:unstructured"
                                        text="Visa Infinite"
                                        value="visaInfinite"/>
                                    <visaPlatinum
                                        jcr:primaryType="nt:unstructured"
                                        text="Visa Platinum"
                                        value="visaPlatinum"/>
                                    <visaSignature
                                        jcr:primaryType="nt:unstructured"
                                        text=" Visa Signature"
                                        value=" visaSignature"/>
                                    <visaSignaturePreferred
                                        jcr:primaryType="nt:unstructured"
                                        text="Visa Signature Preferred"
                                        value="visaSignaturePreferred"/>
                                    <visaTraditional
                                        jcr:primaryType="nt:unstructured"
                                        text="Visa Traditional"
                                        value="visaTraditional"/>
                                    <visaTraditionalRewards
                                        jcr:primaryType="nt:unstructured"
                                        text="Visa Traditional Rewards"
                                        value="visaTraditionalRewards"/>
                                </items>
                            </cardProducts>
                            <cardPayment
                                jcr:primaryType="nt:unstructured"
                                sling:resourceType="granite/ui/components/coral/foundation/form/select"
                                emptyText="Please Select Card Payment"
                                fieldLabel="Card Payment"
                                multiple="{Boolean}true"
                                name="./cardPayment">
                                <items jcr:primaryType="nt:unstructured">
                                    <credit
                                        jcr:primaryType="nt:unstructured"
                                        text="Credit"
                                        value="credit"/>
                                    <debit
                                        jcr:primaryType="nt:unstructured"
                                        text="Debit"
                                        value="debit"/>
                                    <prePaid
                                        jcr:primaryType="nt:unstructured"
                                        text="Pre-Paid"
                                        value="prePaid"/>
                                    <visaPayWave
                                        jcr:primaryType="nt:unstructured"
                                        text="Visa PayWave"
                                        value="visaPayWave"/>
                                </items>
                            </cardPayment>
                        </items>
                    </column>
                </items>
            </Tab3>
            <Tab4
                jcr:primaryType="nt:unstructured"
                jcr:title="Contact Information"
                sling:resourceType="granite/ui/components/foundation/section">
                <layout
                    jcr:primaryType="nt:unstructured"
                    sling:resourceType="granite/ui/components/foundation/layouts/fixedcolumns"
                    margin="{Boolean}false"/>
                <items jcr:primaryType="nt:unstructured">
                    <column
                        jcr:primaryType="nt:unstructured"
                        sling:resourceType="granite/ui/components/foundation/container">
                        <items jcr:primaryType="nt:unstructured">
                            <redemptionURL
                                jcr:primaryType="nt:unstructured"
                                sling:resourceType="granite/ui/components/foundation/form/textfield"
                                fieldLabel="Redemption URL ( Maximum characters allowed are 1024 )"
                                maxlength="1024"
                                name="./redemptionURL"/>
                            <redemptionTel
                                jcr:primaryType="nt:unstructured"
                                sling:resourceType="cq/gui/components/authoring/dialog/richtext"
                                fieldLabel="Redemption Telephone"
                                maxLength="2048"
                                name="./redemptionTel"
                                useFixedInlineToolbar="{Boolean}true">
                                <rtePlugins
                                    jcr:primaryType="nt:unstructured"
                                    sling:resourceSuperType="/apps/vpp/dialogs/StandardRTE/rtePlugins"/>
                                <uiSettings
                                    jcr:primaryType="nt:unstructured"
                                    sling:resourceSuperType="/apps/vpp/dialogs/StandardRTE/uiSettings"/>
                            </redemptionTel>
                            <redemptionEmail
                                jcr:primaryType="nt:unstructured"
                                sling:resourceType="cq/gui/components/authoring/dialog/richtext"
                                fieldLabel="Redemption Email"
                                maxLength="1024"
                                name="./redemptionEmail"
                                useFixedInlineToolbar="{Boolean}true">
                                <rtePlugins
                                    jcr:primaryType="nt:unstructured"
                                    sling:resourceSuperType="/apps/vpp/dialogs/StandardRTE/rtePlugins"/>
                                <uiSettings
                                    jcr:primaryType="nt:unstructured"
                                    sling:resourceSuperType="/apps/vpp/dialogs/StandardRTE/uiSettings"/>
                            </redemptionEmail>
                            <redemptionInst
                                jcr:primaryType="nt:unstructured"
                                sling:resourceType="granite/ui/components/foundation/form/textfield"
                                fieldLabel="Redemption Button Text ( Maximum characters allowed are 10 )"
                                maxlength="{Long}10"
                                name="./redemptionInst"/>
                        </items>
                    </column>
                </items>
            </Tab4>
        </items>
    </content>
</jcr:root>
