<?xml version="1.0" encoding="UTF-8"?>
<jcr:root xmlns:jcr="http://www.jcp.org/jcr/1.0" xmlns:nt="http://www.jcp.org/jcr/nt/1.0"
    jcr:primaryType="nt:unstructured">
    <cui jcr:primaryType="nt:unstructured">
        <inline
            jcr:primaryType="nt:unstructured"
            toolbar="[format#bold,format#italic,format#underline,image#imageProps,#justify,#lists,links#modifylink,links#unlink,misctools#specialchars,edit#paste-plaintext,edit#paste-wordhtml,spellcheck#checktext]">
            <popovers jcr:primaryType="nt:unstructured">
                <justify
                    jcr:primaryType="nt:unstructured"
                    items="[justify#justifyleft,justify#justifycenter,justify#justifyright]"
                    ref="justify"/>
                <lists
                    jcr:primaryType="nt:unstructured"
                    items="[lists#unordered,lists#ordered,lists#outdent,lists#indent]"
                    ref="lists"/>
                <format
                    jcr:primaryType="nt:unstructured"
                    items="[format#bold,format#italic,format#underline]"
                    ref="format"/>
            </popovers>
        </inline>
        <fullscreen
            jcr:primaryType="nt:unstructured"
            toolbar="[format#bold,format#italic,format#underline,image#imageProps,#justify,#lists,links#modifylink,links#unlink,misctools#specialchars,edit#paste-plaintext,edit#paste-wordhtml,spellcheck#checktext]">
            <popovers jcr:primaryType="nt:unstructured">
                <justify
                    jcr:primaryType="nt:unstructured"
                    items="[justify#justifyleft,justify#justifycenter,justify#justifyright]"
                    ref="justify"/>
                <lists
                    jcr:primaryType="nt:unstructured"
                    items="[lists#unordered,lists#ordered,lists#outdent,lists#indent]"
                    ref="lists"/>
                <format
                    jcr:primaryType="nt:unstructured"
                    items="[format#bold,format#italic,format#underline]"
                    ref="format"/>
            </popovers>
        </fullscreen>
    </cui>
</jcr:root>
