<?xml version="1.0" encoding="UTF-8"?>
<jcr:root xmlns:cq="http://www.day.com/jcr/cq/1.0" xmlns:jcr="http://www.jcp.org/jcr/1.0"
    jcr:primaryType="cq:Dialog"
    height="{Long}500"
    width="{Long}650"
    xtype="dialog">
    <items jcr:primaryType="cq:WidgetCollection">
        <tab1
            jcr:primaryType="cq:Panel"
            title="Carousel"
            width="800"
            xtype="panel">
            <items jcr:primaryType="cq:WidgetCollection">
                <links
                    jcr:primaryType="cq:Widget"
                    fieldDescription="Click 'Add items' or '+' to add a new link"
                    fieldLabel="Links"
                    name="./links"
                    width="200"
                    xtype="multifield">
                    <fieldConfig
                        jcr:primaryType="cq:Widget"
                        border="true"
                        hideLabel="true"
                        layout="form"
                        limit="0"
                        padding="10px"
                        width="1000"
                        xtype="multi-field-panel">
                        <items jcr:primaryType="cq:WidgetCollection">
                            <linkTitle
                                jcr:primaryType="cq:Widget"
                                dName="linkTitle"
                                fieldDescription="Title to be embedded in the carousel "
                                fieldLabel="Embedded Title"
                                name="./linkTitle"
                                width="200"
                                xtype="textfield"/>
                            <linkText
                                jcr:primaryType="cq:Widget"
                                dName="linkText"
                                fieldDescription="Text to be embedded in the carousel "
                                fieldLabel="Embedded Text"
                                name="./linkText"
                                width="200"
                                xtype="textfield"/>
                            <link
                                jcr:primaryType="cq:Widget"
                                dName="link"
                                fieldDescription="Path to select the image"
                                fieldLabel="Image Path"
                                name="./link"
                                width="200"
                                rootPath="/content/dam"
                                xtype="pathfield"/>
                            <redirectlink
                                jcr:primaryType="cq:Widget"
                                dName="redirectlink"
                                fieldDescription="Redirect path on click of image"
                                fieldLabel="Redirect Path"
                                name="./redirectlink"
                                width="200"
                                xtype="pathfield"/>
                        </items>
                    </fieldConfig>
                </links>
            </items>
        </tab1>
    </items>
</jcr:root>
