<?xml version="1.0" encoding="UTF-8"?>
<jcr:root xmlns:sling="http://sling.apache.org/jcr/sling/1.0" xmlns:cq="http://www.day.com/jcr/cq/1.0" xmlns:jcr="http://www.jcp.org/jcr/1.0" xmlns:nt="http://www.jcp.org/jcr/nt/1.0"
    jcr:primaryType="nt:unstructured"
    jcr:title="Logout Text"
    sling:resourceType="cq/gui/components/authoring/dialog"
    helpPath="en/cq/current/wcm/default_components.html#Text">
    <content
        jcr:primaryType="nt:unstructured"
        sling:resourceType="granite/ui/components/foundation/section">
        <layout
            jcr:primaryType="nt:unstructured"
            sling:resourceType="granite/ui/components/foundation/layouts/fixedcolumns"
            margin="{Boolean}false"/>
        <items jcr:primaryType="nt:unstructured">
            <column
                jcr:primaryType="nt:unstructured"
                sling:resourceType="granite/ui/components/foundation/container">
                <items jcr:primaryType="nt:unstructured">
                    <container
                        jcr:primaryType="nt:unstructured"
                        sling:resourceType="granite/ui/components/foundation/container">
                        <items jcr:primaryType="nt:unstructured">
                            <well3
                                jcr:primaryType="nt:unstructured"
                                sling:resourceType="granite/ui/components/foundation/container">
                                <layout
                                    jcr:primaryType="nt:unstructured"
                                    sling:resourceType="granite/ui/components/foundation/layouts/well"/>
                                <items jcr:primaryType="nt:unstructured">
                                    <logoutText
                                        jcr:primaryType="nt:unstructured"
                                        sling:resourceType="cq/gui/components/authoring/dialog/richtext"
                                        emptyText="123"
                                        fieldLabel="Logout Text"
                                        name="./logoutText"
                                        useFixedInlineToolbar="{Boolean}true">
                                        <rtePlugins
                                            jcr:primaryType="nt:unstructured"
                                            sling:resourceSuperType="/apps/vpp_premium/dialogs/StandardRTE/rtePlugins"/>
                                        <uiSettings
                                            jcr:primaryType="nt:unstructured"
                                            sling:resourceSuperType="/apps/vpp_premium/dialogs/StandardRTE/uiSettings"/>
                                    </logoutText>
                                </items>
                            </well3>
                        </items>
                    </container>
                </items>
            </column>
        </items>
    </content>
</jcr:root>
