<?xml version="1.0" encoding="UTF-8"?><metatype:MetaData xmlns:metatype="http://www.osgi.org/xmlns/metatype/v1.0.0" localization="OSGI-INF/metatype/metatype">
    <OCD id="com.visa.vpp.premium.servlets.ImageRenderServlet" name="[VPP Platform] - ImageRenderServlet" description="%com.visa.vpp.premium.servlets.ImageRenderServlet.description">
        <AD id="sling.servlet.extensions" type="String" default="jpg,gif,png,jpeg" name="%sling.servlet.extensions.name" description="%sling.servlet.extensions.description" cardinality="2147483647"/>
        <AD id="sling.servlet.resourceTypes" type="String" default="sling/servlet/default" name="%sling.servlet.resourceTypes.name" description="%sling.servlet.resourceTypes.description"/>
        <AD id="sling.servlet.methods" type="String" default="GET" name="%sling.servlet.methods.name" description="%sling.servlet.methods.description"/>
        <AD id="sling.servlet.selectors" type="String" default="web" name="%sling.servlet.selectors.name" description="%sling.servlet.selectors.description"/>
    </OCD>
    <Designate pid="com.visa.vpp.premium.servlets.ImageRenderServlet">
        <Object ocdref="com.visa.vpp.premium.servlets.ImageRenderServlet"/>
    </Designate>
</metatype:MetaData>
