<?xml version="1.0" encoding="UTF-8"?><components xmlns:scr="http://www.osgi.org/xmlns/scr/v1.0.0">
    <scr:component name="com.visa.vpp.workflow.RouteApprover">
        <implementation class="com.visa.vpp.workflow.RouteApprover"/>
        <service servicefactory="false">
            <provide interface="com.adobe.granite.workflow.exec.WorkflowProcess"/>
        </service>
        <property name="process.label" value="VPP Approver Route"/>
        <property name="service.pid" value="com.visa.vpp.workflow.RouteApprover"/>
    </scr:component>
</components>
