<?xml version="1.0" encoding="UTF-8"?><components xmlns:scr="http://www.osgi.org/xmlns/scr/v1.0.0">
    <scr:component name="com.visa.vpp.servlets.CreatingCardArtLanding">
        <implementation class="com.visa.vpp.servlets.CreatingCardArtLanding"/>
        <service servicefactory="false">
            <provide interface="javax.servlet.Servlet"/>
        </service>
        <property name="sling.servlet.paths">
            /bin/cardArtLanding
        </property>
        <property name="sling.servlet.methods">
            GET
        </property>
        <property name="service.pid" value="com.visa.vpp.servlets.CreatingCardArtLanding"/>
        <reference name="resolverFactory" interface="org.apache.sling.api.resource.ResourceResolverFactory" cardinality="1..1" policy="static" bind="bindResolverFactory" unbind="unbindResolverFactory"/>
    </scr:component>
</components>
