<?xml version="1.0" encoding="UTF-8"?><components xmlns:scr="http://www.osgi.org/xmlns/scr/v1.0.0">
    <scr:component name="com.visa.vpp.workflow.PublishLandingJsonFile">
        <implementation class="com.visa.vpp.workflow.PublishLandingJsonFile"/>
        <service servicefactory="false">
            <provide interface="com.adobe.granite.workflow.exec.WorkflowProcess"/>
        </service>
        <property name="process.label" value="Publish Landing Page JSON"/>
        <property name="service.pid" value="com.visa.vpp.workflow.PublishLandingJsonFile"/>
        <reference name="replicator" interface="com.day.cq.replication.Replicator" cardinality="1..1" policy="static" bind="bindReplicator" unbind="unbindReplicator"/>
    </scr:component>
</components>
