<?xml version="1.0" encoding="UTF-8"?><components xmlns:scr="http://www.osgi.org/xmlns/scr/v1.0.0">
    <scr:component name="com.visa.vpp.scheduler.VmorcScheduler">
        <implementation class="com.visa.vpp.scheduler.VmorcScheduler"/>
        <service servicefactory="false">
            <provide interface="java.lang.Runnable"/>
        </service>
        <property name="scheduler.expression" value="0 0 12 1/1 * ? *"/>
        <property name="scheduler.concurrent" type="Boolean" value="false"/>
        <property name="proxy.host" value="internet.visa.com"/>
        <property name="proxy.port" type="Integer" value="80"/>
        <property name="username" value=""/>
        <property name="password" value=""/>
        <property name="proxy.enabled" type="Boolean" value="false"/>
        <property name="scheduler.disable" type="Boolean" value="false"/>
        <property name="service.url" value=""/>
        <property name="token.generation.url" value="https://qa.vpp.tacpoint.net/vpp_api_service/oauth/token.do"/>
        <property name="grant.type" value="client_credentials"/>
        <property name="client.id" value="AEMclient"/>
        <property name="client.secret" value="1X10i4567479mM109S91tSL9N6G4y84J"/>
        <property name="service.pid" value="com.visa.vpp.scheduler.VmorcScheduler"/>
        <reference name="resolverFactory" interface="org.apache.sling.api.resource.ResourceResolverFactory" cardinality="1..1" policy="static" bind="bindResolverFactory" unbind="unbindResolverFactory"/>
        <reference name="settingsService" interface="org.apache.sling.settings.SlingSettingsService" cardinality="1..1" policy="static" bind="bindSettingsService" unbind="unbindSettingsService"/>
        <reference name="replicator" interface="com.day.cq.replication.Replicator" cardinality="1..1" policy="static" bind="bindReplicator" unbind="unbindReplicator"/>
    </scr:component>
</components>
