<?xml version="1.0" encoding="UTF-8"?><components xmlns:scr="http://www.osgi.org/xmlns/scr/v1.0.0">
    <scr:component name="com.visa.vpp.premium.impl.filters.PremiumRequestFilter">
        <implementation class="com.visa.vpp.premium.impl.filters.PremiumRequestFilter"/>
        <service servicefactory="false">
            <provide interface="javax.servlet.Filter"/>
        </service>
        <property name="service.ranking" type="Integer" value="0"/>
        <property name="sling.filter.scope" value="REQUEST"/>
        <property name="service.pid" value="com.visa.vpp.premium.impl.filters.PremiumRequestFilter"/>
        <reference name="settingsService" interface="org.apache.sling.settings.SlingSettingsService" cardinality="1..1" policy="static" bind="bindSettingsService" unbind="unbindSettingsService"/>
    </scr:component>
</components>
