<?xml version="1.0" encoding="UTF-8"?><components xmlns:scr="http://www.osgi.org/xmlns/scr/v1.1.0">
    <scr:component name="com.visa.vpp.premium.services.CustomImageRenditionConfigImpl" activate="activate">
        <implementation class="com.visa.vpp.premium.services.CustomImageRenditionConfigImpl"/>
        <service servicefactory="false">
            <provide interface="com.visa.vpp.premium.interfaces.CustomImageRenditionConfig"/>
        </service>
        <property name="imageRenditions">
            HeroImageBeforeLogin=[mobile:767x668|tablet:1099x480|desktop:1399x800]
            HeroImageAfterLogin=[mobile:767x200|tablet:1099x300|desktop:1399x500]
            SeamlessRedemption=[mobile:292x291|tablet:437x311|desktop:675x481]
            Teaser=[mobile:292x164|tablet:328x214|desktop:583x271]
            Seamless_Redemption_BackImage=[mobile:375x592|tablet:767x252|desktop:1099x248]
        </property>
        <property name="service.pid" value="com.visa.vpp.premium.services.CustomImageRenditionConfigImpl"/>
    </scr:component>
</components>
