<?xml version="1.0" encoding="UTF-8"?><components xmlns:scr="http://www.osgi.org/xmlns/scr/v1.0.0">
    <scr:component name="com.visa.vpp.premium.scheduler.PremiumCategoryPageScheduler">
        <implementation class="com.visa.vpp.premium.scheduler.PremiumCategoryPageScheduler"/>
        <service servicefactory="false">
            <provide interface="java.lang.Runnable"/>
        </service>
        <property name="scheduler.expression" value="0 40 12 1/1 * ? *"/>
        <property name="scheduler.concurrent" type="Boolean" value="false"/>
        <property name="service.pid" value="com.visa.vpp.premium.scheduler.PremiumCategoryPageScheduler"/>
        <reference name="resolverFactory" interface="org.apache.sling.api.resource.ResourceResolverFactory" cardinality="1..1" policy="static" bind="bindResolverFactory" unbind="unbindResolverFactory"/>
        <reference name="replicator" interface="com.day.cq.replication.Replicator" cardinality="1..1" policy="static" bind="bindReplicator" unbind="unbindReplicator"/>
        <reference name="settingsService" interface="org.apache.sling.settings.SlingSettingsService" cardinality="1..1" policy="static" bind="bindSettingsService" unbind="unbindSettingsService"/>
    </scr:component>
</components>
