<?xml version="1.0" encoding="UTF-8"?><components xmlns:scr="http://www.osgi.org/xmlns/scr/v1.0.0">
    <scr:component immediate="true" name="com.visa.vpp.premium.servlets.ImageRenderServlet">
        <implementation class="com.visa.vpp.premium.servlets.ImageRenderServlet"/>
        <service servicefactory="false">
            <provide interface="javax.servlet.Servlet"/>
        </service>
        <property name="sling.servlet.extensions">
            jpg
            gif
            png
            jpeg
        </property>
        <property name="sling.servlet.resourceTypes" value="sling/servlet/default"/>
        <property name="sling.servlet.methods" value="GET"/>
        <property name="sling.servlet.selectors" value="web"/>
        <property name="service.pid" value="com.visa.vpp.premium.servlets.ImageRenderServlet"/>
    </scr:component>
</components>
