<?xml version="1.0" encoding="UTF-8"?><components xmlns:scr="http://www.osgi.org/xmlns/scr/v1.1.0">
    <scr:component name="com.visa.vpp.premium.services.TemplateConfigImpl" activate="activate">
        <implementation class="com.visa.vpp.premium.services.TemplateConfigImpl"/>
        <service servicefactory="false">
            <provide interface="com.visa.vpp.premium.interfaces.TemplateConfig"/>
        </service>
        <property name="authorTemplatePaths">
            /apps/vpp/components/pages/category_page
            /apps/vpp/components/pages/landing_page
        </property>
        <property name="approverTemplatePaths">
            /apps/vpp/components/pages/category_page
            /apps/vpp/components/pages/landing_page
        </property>
        <property name="adminTemplatePaths">
            /apps/vpp/components/pages/category_page
            /apps/vpp/components/pages/landing_page
        </property>
        <property name="service.pid" value="com.visa.vpp.premium.services.TemplateConfigImpl"/>
    </scr:component>
</components>
