<?xml version="1.0" encoding="UTF-8"?><components xmlns:scr="http://www.osgi.org/xmlns/scr/v1.1.0">
    <scr:component immediate="true" name="com.visa.vpp.premium.workflow.VppImageRenditions">
        <implementation class="com.visa.vpp.premium.workflow.VppImageRenditions"/>
        <service servicefactory="false">
            <provide interface="com.day.cq.workflow.exec.WorkflowProcess"/>
        </service>
        <property name="process.label" value="VPP Renditions"/>
        <property name="service.pid" value="com.visa.vpp.premium.workflow.VppImageRenditions"/>
        <reference name="renditionMaker" interface="com.day.cq.dam.api.renditions.RenditionMaker" cardinality="1..1" policy="static" bind="bindRenditionMaker" unbind="unbindRenditionMaker"/>
        <reference name="customImageConfig" interface="com.visa.vpp.premium.interfaces.CustomImageRenditionConfig" cardinality="1..1" policy="static" bind="bindCustomImageConfig" unbind="unbindCustomImageConfig"/>
        <reference name="mimeTypeService" interface="org.apache.sling.commons.mime.MimeTypeService" cardinality="1..1" policy="static" bind="bindMimeTypeService" unbind="unbindMimeTypeService"/>
        <reference name="store" interface="com.day.cq.dam.api.handler.store.AssetStore" cardinality="1..1" policy="static" bind="bindStore" unbind="unbindStore"/>
        <reference name="resourceResolverFactory" interface="org.apache.sling.api.resource.ResourceResolverFactory" cardinality="1..1" policy="static" bind="bindResourceResolverFactory" unbind="unbindResourceResolverFactory"/>
    </scr:component>
</components>
