<?xml version="1.0" encoding="UTF-8"?><components xmlns:scr="http://www.osgi.org/xmlns/scr/v1.0.0">
    <scr:component name="com.visa.vpp.premium.workflow.CustomWorkFlowInitiator">
        <implementation class="com.visa.vpp.premium.workflow.CustomWorkFlowInitiator"/>
        <service servicefactory="false">
            <provide interface="com.adobe.granite.workflow.exec.WorkflowProcess"/>
        </service>
        <property name="process.label" value="Premium CustomWorkFlowInitiator"/>
        <property name="service.pid" value="com.visa.vpp.premium.workflow.CustomWorkFlowInitiator"/>
        <reference name="resolverFactory" interface="org.apache.sling.api.resource.ResourceResolverFactory" cardinality="1..1" policy="static" bind="bindResolverFactory" unbind="unbindResolverFactory"/>
    </scr:component>
</components>
