<?xml version="1.0" encoding="UTF-8"?><components xmlns:scr="http://www.osgi.org/xmlns/scr/v1.0.0">
    <scr:component name="com.visa.vpp.premium.workflow.VppDynamicParticipantStep">
        <implementation class="com.visa.vpp.premium.workflow.VppDynamicParticipantStep"/>
        <service servicefactory="false">
            <provide interface="com.day.cq.workflow.exec.ParticipantStepChooser"/>
        </service>
        <property name="chooser.label" value="Vpp Premium Dynamic Participant Chooser"/>
        <property name="service.pid" value="com.visa.vpp.premium.workflow.VppDynamicParticipantStep"/>
        <reference name="resolverFactory" interface="org.apache.sling.api.resource.ResourceResolverFactory" cardinality="1..1" policy="static" bind="bindResolverFactory" unbind="unbindResolverFactory"/>
    </scr:component>
</components>
