<?xml version="1.0" encoding="UTF-8"?><components xmlns:scr="http://www.osgi.org/xmlns/scr/v1.0.0">
    <scr:component name="com.visa.vpp.premium.workflow.UpdateCategoryPages">
        <implementation class="com.visa.vpp.premium.workflow.UpdateCategoryPages"/>
        <service servicefactory="false">
            <provide interface="com.adobe.granite.workflow.exec.WorkflowProcess"/>
        </service>
        <property name="process.label" value="Premium Update Category Pages for current offer changes"/>
        <property name="service.pid" value="com.visa.vpp.premium.workflow.UpdateCategoryPages"/>
    </scr:component>
</components>
