<?xml version="1.0" encoding="UTF-8"?><components xmlns:scr="http://www.osgi.org/xmlns/scr/v1.0.0">
    <scr:component name="com.visa.vpp.premium.servlets.GetAvailableOffersJsonPremium">
        <implementation class="com.visa.vpp.premium.servlets.GetAvailableOffersJsonPremium"/>
        <service servicefactory="false">
            <provide interface="javax.servlet.Servlet"/>
        </service>
        <property name="sling.servlet.paths">
            /bin/getAvailableOffersPremium
        </property>
        <property name="sling.servlet.methods">
            POST
        </property>
        <property name="service.pid" value="com.visa.vpp.premium.servlets.GetAvailableOffersJsonPremium"/>
    </scr:component>
</components>
