<?xml version="1.0" encoding="UTF-8"?><metatype:MetaData xmlns:metatype="http://www.osgi.org/xmlns/metatype/v1.0.0" localization="OSGI-INF/metatype/metatype">
    <OCD id="com.visa.vpp.scheduler.VmorcScheduler" name="VMORC scheduler" description="VMORC scheduler to get offer/events/benefits">
        <AD id="scheduler.expression" type="String" default="0\\ 0\\ 12\\ 1/1\\ *\\ ?\\ *" name="%scheduler.expression.name" description="Cron-job expression"/>
        <AD id="scheduler.concurrent" type="Boolean" default="false" name="%scheduler.concurrent.name" description="Whether or not to schedule this task concurrently"/>
        <AD id="proxy.host" type="String" default="internet.visa.com" name="%proxy.host.name" description="proxy host"/>
        <AD id="proxy.port" type="Integer" default="80" name="%proxy.port.name" description="proxy port"/>
        <AD id="username" type="String" default="" name="%username.name" description="proxy username"/>
        <AD id="password" type="String" default="" name="%password.name" description="proxy password"/>
        <AD id="proxy.enabled" type="Boolean" default="false" name="%proxy.enabled.name" description="proxy enabled or disabled"/>
        <AD id="scheduler.disable" type="Boolean" default="false" name="%scheduler.disable.name" description="enable or disable cron job"/>
        <AD id="service.url" type="String" default="" name="%service.url.name" description="web service url to be called"/>
        <AD id="token.generation.url" type="String" default="https://qa.vpp.tacpoint.net/vpp_api_service/oauth/token.do" name="%token.generation.url.name" description="token generation url"/>
        <AD id="grant.type" type="String" default="client_credentials" name="%grant.type.name" description="grant type for token generation"/>
        <AD id="client.id" type="String" default="AEMclient" name="%client.id.name" description="client id to be passed"/>
        <AD id="client.secret" type="String" default="1X10i4567479mM109S91tSL9N6G4y84J" name="%client.secret.name" description="client secrete key"/>
    </OCD>
    <Designate pid="com.visa.vpp.scheduler.VmorcScheduler">
        <Object ocdref="com.visa.vpp.scheduler.VmorcScheduler"/>
    </Designate>
</metatype:MetaData>
