<?xml version="1.0" encoding="UTF-8"?><metatype:MetaData xmlns:metatype="http://www.osgi.org/xmlns/metatype/v1.0.0" localization="OSGI-INF/metatype/com.visa.vpp.services.TemplateConfigImpl">
    <OCD id="com.visa.vpp.services.TemplateConfigImpl" name="%com.visa.vpp.services.TemplateConfigImpl.name" description="%com.visa.vpp.services.TemplateConfigImpl.description">
        <AD id="authorTemplatePaths" type="String" default="/apps/vpp/components/pages/category_page,/apps/vpp/components/pages/landing_page" name="%com.visa.vpp.services.TemplateConfigImpl.authorTemplatePaths.name" description="%com.visa.vpp.services.TemplateConfigImpl.authorTemplatePaths.description" cardinality="50"/>
        <AD id="approverTemplatePaths" type="String" default="/apps/vpp/components/pages/category_page,/apps/vpp/components/pages/landing_page" name="%com.visa.vpp.services.TemplateConfigImpl.approverTemplatePaths.name" description="%com.visa.vpp.services.TemplateConfigImpl.approverTemplatePaths.description" cardinality="50"/>
        <AD id="adminTemplatePaths" type="String" default="/apps/vpp/components/pages/category_page,/apps/vpp/components/pages/landing_page" name="%com.visa.vpp.services.TemplateConfigImpl.adminTemplatePaths.name" description="%com.visa.vpp.services.TemplateConfigImpl.adminTemplatePaths.description" cardinality="50"/>
    </OCD>
    <Designate pid="com.visa.vpp.services.TemplateConfigImpl">
        <Object ocdref="com.visa.vpp.services.TemplateConfigImpl"/>
    </Designate>
</metatype:MetaData>
