<?xml version="1.0" encoding="UTF-8"?>
<jcr:root xmlns:cq="http://www.day.com/jcr/cq/1.0" xmlns:jcr="http://www.jcp.org/jcr/1.0" xmlns:nt="http://www.jcp.org/jcr/nt/1.0"
    jcr:primaryType="cq:Panel"
    title="Navigation Links">
    <items jcr:primaryType="cq:WidgetCollection">
        <basic
            jcr:primaryType="cq:Widget"
            collapsed="{Boolean}false"
            collapsible="{Boolean}false"
            xtype="dialogfieldset">
            <items jcr:primaryType="cq:WidgetCollection">
                <navigationLinkButtonOption
                    jcr:primaryType="cq:Widget"
                    align="stretch"
                    defaultValue="no"
                    fieldLabel="Navigation  Link Option"
                    itemId="navigationLinkButtonOption"
                    layout="hbox"
                    name="./navigationLinkButtonOption"
                    type="radiogroup"
                    value="no"
                    width="200"
                    xtype="selection">
                    <options jcr:primaryType="cq:WidgetCollection">
                        <yes
                            jcr:primaryType="nt:unstructured"
                            text="Yes"
                            value="yes"/>
                        <no
                            jcr:primaryType="nt:unstructured"
                            text="No"
                            value="no"/>
                    </options>
                    <optionsConfig
                        jcr:primaryType="nt:unstructured"
                        width="100"/>
                    <listeners
                        jcr:primaryType="nt:unstructured"
                        selectionchanged="function(comp,value) {  navigatonLinkCheckOnSelection(comp,value);  }"/>
                </navigationLinkButtonOption>
                <issuerLogo
                    jcr:primaryType="cq:Widget"
                    fieldLabel="Issuer Logo"
                    itemId="issuerLogoReference"
                    name="./issuerLogoReference"
                    rootPath="/content/dam"
                    xtype="pathfield"/>
                <issuerLogoLinkType
                    jcr:primaryType="cq:Widget"
                    anchor="90%"
                    defaultValue="internal"
                    dName="issuerLogoLinkType"
                    fieldLabel="Link Type"
                    itemId="issuerLogoLinkType"
                    name="./issuerLogoLinkType"
                    type="select"
                    value="internal"
                    xtype="selection">
                    <options jcr:primaryType="cq:WidgetCollection">
                        <internal
                            jcr:primaryType="nt:unstructured"
                            text="Internal"
                            value="internal"/>
                        <external
                            jcr:primaryType="nt:unstructured"
                            text="External"
                            value="external"/>
                    </options>
                    <listeners
                        jcr:primaryType="nt:unstructured"
                        selectionchanged=" function(comp,value){ &#xa;&#xa;&#xa;issuerLogoLinkChange(comp,value);&#xa;&#xa;}"/>
                </issuerLogoLinkType>
                <issuerLogoInternalLink
                    jcr:primaryType="cq:Widget"
                    dName="issuerLogoInternalLink"
                    fieldLabel="Link Internal URL"
                    itemId="issuerLogoInternalLink"
                    name="./issuerLogoInternalLink"
                    xtype="pathfield"/>
                <issuerLogoExternalLink
                    jcr:primaryType="cq:Widget"
                    dName="issuerLogoExternalLink"
                    fieldLabel="External URL"
                    hidden="{Boolean}true"
                    itemId="issuerLogoExternalLink"
                    name="./issuerLogoExternalLink"
                    xtype="textfield"/>
                <issuerLogoTarget
                    jcr:primaryType="cq:Widget"
                    anchor="90%"
                    dName="issuerLogoTarget"
                    fieldLabel="Target"
                    itemId="issuerLogoTarget"
                    name="./issuerLogoTarget"
                    type="select"
                    xtype="selection">
                    <options jcr:primaryType="cq:WidgetCollection">
                        <self
                            jcr:primaryType="nt:unstructured"
                            text="Same Window"
                            value="_self"/>
                        <blank
                            jcr:primaryType="nt:unstructured"
                            text="New Window"
                            value="_blank"/>
                    </options>
                </issuerLogoTarget>
                <issuerName
                    jcr:primaryType="cq:Widget"
                    fieldLabel="Issuer Name"
                    itemId="issuerName"
                    name="./issuerName"
                    xtype="textfield"/>
                <navigationLinks
                    jcr:primaryType="cq:Widget"
                    fieldLabel="Navigation Links"
                    hideLabel="false"
                    itemId="navigationLinksMap"
                    name="./navigationLinksMap"
                    title="Add Links"
                    xtype="multifield">
                    <fieldConfig
                        jcr:primaryType="cq:Widget"
                        border="true"
                        hideLabel="true"
                        layout="form"
                        limit="5"
                        padding="10px"
                        width="1000"
                        xtype="multi-field-panel">
                        <items jcr:primaryType="cq:WidgetCollection">
                            <title
                                jcr:primaryType="cq:Widget"
                                dName="navigationLinkTitle"
                                fieldLabel="Link Title"
                                width="200"
                                xtype="textfield"/>
                            <linkType
                                jcr:primaryType="cq:Widget"
                                anchor="90%"
                                defaultValue="internal"
                                dName="navigationLinkType"
                                fieldLabel="Link Type"
                                itemId="navigationLinkType"
                                type="select"
                                value="internal"
                                width="200"
                                xtype="selection">
                                <options jcr:primaryType="cq:WidgetCollection">
                                    <internal
                                        jcr:primaryType="nt:unstructured"
                                        text="Internal"
                                        value="internal"/>
                                    <external
                                        jcr:primaryType="nt:unstructured"
                                        text="External"
                                        value="external"/>
                                </options>
                                <listeners
                                    jcr:primaryType="nt:unstructured"
                                    selectionchanged=" function(comp,value){ &#xa;&#xa;&#xa;navigationLinkChange(comp,value);&#xa;&#xa;}"/>
                            </linkType>
                            <navigationInternalLink
                                jcr:primaryType="cq:Widget"
                                dName="navigationInternalLink"
                                fieldLabel="Link Internal URL"
                                itemId="navigationInternalLink"
                                width="200"
                                xtype="pathfield"/>
                            <navigationExternalLink
                                jcr:primaryType="cq:Widget"
                                dName="navigationExternalLink"
                                fieldLabel="External URL"
                                hidden="{Boolean}true"
                                itemId="navigationExternalLink"
                                width="200"
                                xtype="textfield"/>
                            <target
                                jcr:primaryType="cq:Widget"
                                anchor="90%"
                                dName="navigationTarget"
                                fieldLabel="Target"
                                type="select"
                                width="200"
                                xtype="selection">
                                <options jcr:primaryType="cq:WidgetCollection">
                                    <self
                                        jcr:primaryType="nt:unstructured"
                                        text="Same Window"
                                        value="_self"/>
                                    <blank
                                        jcr:primaryType="nt:unstructured"
                                        text="New Window"
                                        value="_blank"/>
                                </options>
                            </target>
                        </items>
                    </fieldConfig>
                </navigationLinks>
            </items>
        </basic>
    </items>
</jcr:root>
