<?xml version="1.0" encoding="UTF-8"?>
<jcr:root xmlns:cq="http://www.day.com/jcr/cq/1.0" xmlns:jcr="http://www.jcp.org/jcr/1.0" xmlns:nt="http://www.jcp.org/jcr/nt/1.0"
    jcr:primaryType="cq:Panel"
    title="Header">
    <items jcr:primaryType="cq:WidgetCollection">
        <basic
            jcr:primaryType="cq:Widget"
            collapsed="{Boolean}false"
            collapsible="{Boolean}false"
            xtype="dialogfieldset">
            <items jcr:primaryType="cq:WidgetCollection">
                <logoImage
                    jcr:primaryType="cq:Widget"
                    fieldLabel="headerLogo"
                    name="./imageReference"
                    rootPath="/content/dam"
                    xtype="pathfield"/>
                <logoAltText
                    jcr:primaryType="cq:Widget"
                    fieldLabel="Logo Alt Text"
                    name="./logoAltText"
                    xtype="textfield"/>
                <logoUrl
                    jcr:primaryType="cq:Widget"
                    fieldLabel="Logo URL"
                    name="./logoUrl"
                    xtype="pathfield"/>
                <logoStyle
                    jcr:primaryType="cq:Widget"
                    defaultValue="wellsFargo"
                    fieldLabel="Logo Style"
                    name="./logoStyle"
                    type="select"
                    value="wellsFargo"
                    width="200"
                    xtype="selection">
                    <options jcr:primaryType="cq:WidgetCollection">
                        <style1
                            jcr:primaryType="nt:unstructured"
                            text="Style 1"
                            value="wellsFargo"/>
                        <style2
                            jcr:primaryType="nt:unstructured"
                            text="Style 2"
                            value="navyFederal"/>
                    </options>
                    <optionsConfig
                        jcr:primaryType="nt:unstructured"
                        width="100"/>
                </logoStyle>
                <useButtonOption
                    jcr:primaryType="cq:Widget"
                    align="stretch"
                    fieldLabel="Use Button Option"
                    layout="hbox"
                    name="./useButtonOption"
                    type="radiogroup"
                    value="true"
                    width="200"
                    xtype="selection">
                    <options jcr:primaryType="cq:WidgetCollection">
                        <true
                            jcr:primaryType="nt:unstructured"
                            text="Yes"
                            value="true"/>
                        <false
                            jcr:primaryType="nt:unstructured"
                            text="No"
                            value="false"/>
                    </options>
                    <listeners
                        jcr:primaryType="nt:unstructured"
                        selectionchanged="function(comp,value){ &#xa;&#xa;var dlg = comp.findParentByType('dialog') ;&#xa;useButtonOption(dlg);&#xa;&#xa;} "/>
                    <optionsConfig
                        jcr:primaryType="nt:unstructured"
                        width="100"/>
                </useButtonOption>
                <headerTitleText
                    jcr:primaryType="cq:Widget"
                    fieldLabel="Header Title Text"
                    name="./headerTitleText"
                    xtype="textfield"/>
                <headerLinkText
                    jcr:primaryType="cq:Widget"
                    fieldLabel="Header Link Text"
                    name="./headerLinkText"
                    xtype="textfield"/>
                <buttonLabel
                    jcr:primaryType="cq:Widget"
                    fieldLabel="Button Label"
                    name="./buttonLabel"
                    xtype="textfield"/>
            </items>
        </basic>
    </items>
</jcr:root>
