<?xml version="1.0" encoding="UTF-8"?>
<jcr:root xmlns:cq="http://www.day.com/jcr/cq/1.0" xmlns:jcr="http://www.jcp.org/jcr/1.0" xmlns:nt="http://www.jcp.org/jcr/nt/1.0"
    jcr:primaryType="cq:Panel"
    title="Footer Links">
    <items jcr:primaryType="cq:WidgetCollection">
        <basic
            jcr:primaryType="cq:Widget"
            collapsed="{Boolean}false"
            collapsible="{Boolean}false"
            xtype="dialogfieldset">
            <items jcr:primaryType="cq:WidgetCollection">
                <footerLinks
                    jcr:primaryType="cq:Widget"
                    fieldDescription="Minimum number of Footer Link terms is 1, and maximum is 5."
                    fieldLabel="Footer Links"
                    hideLabel="false"
                    name="./footerLinkMap"
                    title="Add Links"
                    xtype="multifield">
                    <fieldConfig
                        jcr:primaryType="cq:Widget"
                        border="true"
                        hideLabel="true"
                        layout="form"
                        limit="5"
                        padding="10px"
                        width="1000"
                        xtype="multi-field-panel">
                        <items jcr:primaryType="cq:WidgetCollection">
                            <title
                                jcr:primaryType="cq:Widget"
                                allowBlank="{Boolean}false"
                                dName="footerLinkTitle"
                                fieldLabel="Link Title"
                                width="200"
                                xtype="textfield"/>
                            <linkType
                                jcr:primaryType="cq:Widget"
                                allowBlank="{Boolean}false"
                                anchor="90%"
                                defaultValue="internal"
                                dName="footerLinkType"
                                fieldLabel="Link Type"
                                itemId="linkType"
                                type="select"
                                value="internal"
                                width="200"
                                xtype="selection">
                                <options jcr:primaryType="cq:WidgetCollection">
                                    <internal
                                        jcr:primaryType="nt:unstructured"
                                        text="Internal"
                                        value="internal"/>
                                    <external
                                        jcr:primaryType="nt:unstructured"
                                        text="External"
                                        value="external"/>
                                </options>
                                <listeners
                                    jcr:primaryType="nt:unstructured"
                                    selectionchanged=" function(comp,value){ &#xa;&#xa;&#xa;linkChange(comp,value);&#xa;&#xa;}"/>
                            </linkType>
                            <internalPathField
                                jcr:primaryType="cq:Widget"
                                dName="footerInternalLink"
                                fieldLabel="Internal Link"
                                itemId="footerInternalLink"
                                width="200"
                                xtype="pathfield"/>
                            <externalURL
                                jcr:primaryType="cq:Widget"
                                dName="footerExternalLink"
                                fieldLabel="External Link"
                                hidden="{Boolean}true"
                                itemId="footerExternalLink"
                                width="200"
                                xtype="textfield"/>
                            <target
                                jcr:primaryType="cq:Widget"
                                allowBlank="{Boolean}false"
                                anchor="90%"
                                dName="footerTarget"
                                fieldLabel="Target"
                                type="select"
                                width="200"
                                xtype="selection">
                                <options jcr:primaryType="cq:WidgetCollection">
                                    <self
                                        jcr:primaryType="nt:unstructured"
                                        text="Same Window"
                                        value="_self"/>
                                    <blank
                                        jcr:primaryType="nt:unstructured"
                                        text="New Window"
                                        value="_blank"/>
                                </options>
                            </target>
                        </items>
                    </fieldConfig>
                    <listeners
                        jcr:primaryType="nt:unstructured"
                        beforeadd="function(list, component, index) {&#xa;      var length = list.items.length;&#xa;      var addButton = list.items.items[length - 1];&#xa;      if (length == list.fieldConfig.limit) {&#xa;        addButton.disable();&#xa;      }&#xa;    }"
                        removeditem="function(list) {&#xa;      var length = list.items.length;&#xa;        if (length &lt;= list.fieldConfig.limit) {&#xa;&#x9;&#x9; list.items.items[length - 1].enable();&#xa;          list.items.items[length - 1].show();&#xa;        }&#xa;    }"/>
                </footerLinks>
            </items>
        </basic>
    </items>
</jcr:root>
