{
  "response": {
    "cardHolderId": 42618,
    "securityQuestions": [
      {
        "questionId": 3,
        "questionText": "Where did you first meet your spouse/partner? Enter full name of city only"
      },
      {
        "questionId": 1,
        "questionText": "What was your favorite toy as a child?"
      },
      {
        "questionId": 4,
        "questionText": "What was the last name of your first grade teacher?"
      },
      {
        "questionId": 5,
        "questionText": "What was the nickname you gave your first car?"
      },
      {
        "questionId": 7,
        "questionText": "If not used any more, what was your first phone number?"
      },
      {
        "questionId": 8,
        "questionText": "What is your library card number?"
      },
      {
        "questionId": 10,
        "questionText": "What is the first name of your childhood best friend?"
      },
      {
        "questionId": 11,
        "questionText": "What was the first name of your first manager or boss?"
      },
      {
        "questionId": 12,
        "questionText": "What was your favorite restaurant in college?"
      }
    ]
  },
  "status": {
    "statusCode": "200"
  }
}
