<?xml version="1.0" encoding="UTF-8"?>
<jcr:root xmlns:sling="http://sling.apache.org/jcr/sling/1.0" xmlns:cq="http://www.day.com/jcr/cq/1.0" xmlns:jcr="http://www.jcp.org/jcr/1.0" xmlns:nt="http://www.jcp.org/jcr/nt/1.0"
    jcr:primaryType="nt:unstructured"
    jcr:title="Teaser"
    sling:resourceType="cq/gui/components/authoring/dialog"
    helppath="en/cq/current/wcm/&#xa;default_components.html#Carousel">
    <content
        jcr:primaryType="nt:unstructured"
        sling:resourceType="granite/ui/components/coral/foundation/fixedcolumns"
        margin="{Boolean}false">
        <items jcr:primaryType="nt:unstructured">
            <column
                jcr:primaryType="nt:unstructured"
                sling:resourceType="granite/ui/components/coral/foundation/container">
                <items jcr:primaryType="nt:unstructured">
                    <icon
                        jcr:primaryType="nt:unstructured"
                        sling:resourceType="granite/ui/components/foundation/form/fileupload"
                        allowUpload="{Boolean}false"
                        autoStart="{Boolean}false"
                        class="cq-droptarget"
                        fieldLabel="Icon"
                        fileNameParameter="./linkName"
                        fileReferenceParameter="./linkReference"
                        mimeTypes="[image]"
                        multiple="{Boolean}false"
                        name="./link"
                        title="Upload Image Asset"
                        uploadUrl="${suffix.path}"
                        useHTML5="{Boolean}true"/>
                    <iconAltText
                        jcr:primaryType="nt:unstructured"
                        sling:resourceType="granite/ui/components/foundation/form/textfield"
                        fieldLabel="Icon Alt Text"
                        name="./iconAltText"/>
                    <teaserTitle
                    jcr:primaryType="nt:unstructured"
                    sling:resourceType="granite/ui/components/foundation/form/textfield"
                    fieldLabel="Title"
                    name="./teaserTitle"/>
                    <subTitle
                    jcr:primaryType="nt:unstructured"
                    sling:resourceType="granite/ui/components/foundation/form/textfield"
                    fieldLabel="SubTitle"
                    name="./subTitle"/>
                    <shortDesc
                        jcr:primaryType="nt:unstructured"
                        sling:resourceType="cq/gui/components/authoring/dialog/richtext"
                        fieldLabel="Short Description"
                        name="./shortDesc"
                        useFixedInlineToolbar="{Boolean}true">
                        <rtePlugins
                            jcr:primaryType="nt:unstructured"
                            sling:resourceSuperType="/apps/vpp/dialogs/StandardRTE/rtePlugins"/>
                        <uiSettings
                            jcr:primaryType="nt:unstructured"
                            sling:resourceSuperType="/apps/vpp/dialogs/StandardRTE/uiSettings"/>
                    </shortDesc>
                    <selectLayoutOption
                        jcr:primaryType="nt:unstructured"
                        sling:resourceType="granite/ui/components/foundation/form/radiogroup"
                        align="stretch"
                        class="coral-RadioGroup--horizontal"
                        fieldLabel="Image Layout"
                        name="./selectLayoutOption"
                        text="Image Layout"
                        width="100">
                        <items jcr:primaryType="nt:unstructured">
                            <left
                                jcr:primaryType="nt:unstructured"
                                sling:resourceType="granite/ui/components/foundation/form/radio"
                                text="Left"
                                value="left"/>
                            <right
                                jcr:primaryType="nt:unstructured"
                                sling:resourceType="granite/ui/components/foundation/form/radio"                                
                                text="Right"
                                value="right"/>
                        </items>
                    </selectLayoutOption>
                    <image
                        jcr:primaryType="nt:unstructured"
                        sling:resourceType="granite/ui/components/foundation/form/fileupload"
                        allowUpload="{Boolean}false"
                        autoStart="{Boolean}false"
                        class="cq-droptarget"
                        fieldLabel="Image Asset"
                        fileNameParameter="./linkName"
                        fileReferenceParameter="./imageReference"
                        mimeTypes="[image]"
                        multiple="{Boolean}false"
                        name="./link"
                        title="Upload Image Asset"
                        uploadUrl="${suffix.path}"
                        useHTML5="{Boolean}true"/>
                    <imageAltText
                        jcr:primaryType="nt:unstructured"
                        sling:resourceType="granite/ui/components/foundation/form/textfield"
                        fieldLabel="Image Alt Text"
                        name="./imageAltText"/>
                </items>
            </column>
        </items>
    </content>
</jcr:root>
