<?xml version="1.0" encoding="UTF-8"?>
<jcr:root xmlns:cq="http://www.day.com/jcr/cq/1.0" xmlns:jcr="http://www.jcp.org/jcr/1.0" xmlns:nt="http://www.jcp.org/jcr/nt/1.0"
    jcr:primaryType="cq:Dialog"
    height="500"
    width="800"
    xtype="dialog">
    <items
        jcr:primaryType="cq:Widget"
        height="500"
        width="800"
        xtype="tabpanel">
        <items jcr:primaryType="cq:WidgetCollection">
            <tab1
                jcr:primaryType="cq:Panel"
                title="Card Art">
                <items jcr:primaryType="cq:WidgetCollection">
                    <title
                        jcr:primaryType="cq:Widget"
                        fieldDescription="Card Art Title text"
                        fieldLabel="Card Art Title"
                        name="./title"
                        xtype="textfield"/>
                    <isClickable
                        jcr:primaryType="cq:Widget"
                        fieldLabel="Card Art Clickable"
                        name="./isClickable"
                        type="radio"
                        value="true"
                        xtype="selection">
                        <options jcr:primaryType="cq:WidgetCollection">
                            <true
                                jcr:primaryType="nt:unstructured"
                                text="Yes"
                                value="true"/>
                            <false
                                jcr:primaryType="nt:unstructured"
                                text="No"
                                value="false"/>
                        </options>
                    </isClickable>
                    <cardLogoImages
                        jcr:primaryType="cq:Widget"
                        fieldLabel="Card Logo"
                        name="./cardLogo"
                        width="200"
                        xtype="pathfield"/>
                    <cardImages
                        jcr:primaryType="cq:Widget"
                        hideLabel="false"
                        name="./cardImageMap"
                        title="Add Images"
                        xtype="multifield">
                        <fieldConfig
                            jcr:primaryType="cq:Widget"
                            border="true"
                            hideLabel="true"
                            layout="form"
                            padding="10px"
                            width="1000"
                            xtype="multi-field-panel">
                            <items jcr:primaryType="cq:WidgetCollection">
                                <cardImages
                                    jcr:primaryType="cq:Widget"
                                    dName="cardImage"
                                    fieldLabel="Card Image"
                                    width="200"
                                    xtype="pathfield"/>
                                <cardLinks
                                    jcr:primaryType="cq:Widget"
                                    dName="cardLinks"
                                    fieldLabel="Card Links"
                                    hideLabel="false"
                                    title="Add Card Links"
                                    xtype="multifield">
                                    <fieldConfig
                                        jcr:primaryType="cq:Widget"
                                        border="true"
                                        hideLabel="true"
                                        layout="form"
                                        padding="10px"
                                        width="1000"
                                        xtype="multi-field-panel">
                                        <items jcr:primaryType="cq:WidgetCollection">
                                            <cardText
                                                jcr:primaryType="cq:Widget"
                                                dName="linkText"
                                                fieldLabel="Link Text"
                                                width="120"
                                                xtype="textfield"/>
                                            <cardLink
                                                jcr:primaryType="cq:Widget"
                                                dName="link"
                                                fieldLabel="Link"
                                                width="120"
                                                xtype="pathfield"/>
                                        </items>
                                    </fieldConfig>
                                </cardLinks>
                            </items>
                        </fieldConfig>
                    </cardImages>
                    <buttonLabel1
                        jcr:primaryType="cq:Widget"
                        fieldDescription="Button Label"
                        fieldLabel="Button Label1"
                        name="./buttonLabel1"
                        xtype="textfield"/>
                    <buttonLabel2
                        jcr:primaryType="cq:Widget"
                        fieldDescription="Button Label"
                        fieldLabel="Button Label2"
                        name="./buttonLabel2"
                        xtype="textfield"/>
                </items>
            </tab1>
        </items>
    </items>
</jcr:root>
