<?xml version="1.0" encoding="UTF-8"?>
<jcr:root xmlns:cq="http://www.day.com/jcr/cq/1.0" xmlns:jcr="http://www.jcp.org/jcr/1.0" xmlns:nt="http://www.jcp.org/jcr/nt/1.0"
    jcr:primaryType="cq:Panel"
    title="Site Header Navigation">
    <items jcr:primaryType="cq:WidgetCollection">
        <basic
            jcr:primaryType="cq:Widget"
            collapsed="{Boolean}false"
            collapsible="{Boolean}false"
            xtype="dialogfieldset">
            <items jcr:primaryType="cq:WidgetCollection">
                <megaNavLinks
                    jcr:primaryType="cq:Widget"
                    fieldDescription="Please add the Mega Navigation Links with atleast 1 link to at max 7"
                    fieldLabel="Mega Navigation Links"
                    hideLabel="false"
                    name="./megaNavLinksMap"
                    title="Add Mega Navigation Links"
                    xtype="multifield">
                    <fieldConfig
                        jcr:primaryType="cq:Widget"
                        border="true"
                        hideLabel="true"
                        layout="form"
                        limit="7"
                        padding="10px"
                        width="1000"
                        xtype="multi-field-panel">
                        <items jcr:primaryType="cq:WidgetCollection">
                            <megaNavLinkText
                                jcr:primaryType="cq:Widget"
                                allowBlank="{Boolean}false"
                                dName="megaNavLinkText"
                                fieldDescription="Please enter the Mega Navigation Link Title"
                                fieldLabel="Mega Navigation Link Title"
                                name="./megaNavLinkText"
                                width="200"
                                xtype="textfield"/>
                            <megaNavLinkPath
                                jcr:primaryType="cq:Widget"
                                allowBlank="{Boolean}false"
                                dName="megaNavLinkPath"
                                fieldDescription="Please enter the Mega Navigation Link Path"
                                fieldLabel="Mega Navigation Link Path"
                                name="./megaNavLinkPath"
                                width="200"
                                xtype="pathfield"/>
                        </items>
                    </fieldConfig>
                    <listeners
                        jcr:primaryType="nt:unstructured"
                        beforeadd="function(list, component, index) {&#xa;      var length = list.items.length;&#xa;      var addButton = list.items.items[length - 1];&#xa;      if (length == list.fieldConfig.limit) {&#xa;        addButton.disable();&#xa;      }&#xa;    }"
                        removeditem="function(list) {&#xa;      var length = list.items.length;&#xa;        if (length &lt;= list.fieldConfig.limit) {&#xa;&#x9;&#x9; list.items.items[length - 1].enable();&#xa;          list.items.items[length - 1].show();&#xa;        }&#xa;    }"/>
                </megaNavLinks>
                <homePageLinkText
                    jcr:primaryType="cq:Widget"
                    fieldLabel="Homepage Link Text"
                    name="./homePageLinkText"
                    xtype="textfield"/>
                <homePageLinkURL
                    jcr:primaryType="cq:Widget"
                    fieldLabel="HomePage Link URL"
                    name="./homePageLinkURL"
                    xtype="pathfield"/>
                <issuerLinkText
                    jcr:primaryType="cq:Widget"
                    fieldLabel="Issuer Website Link Text"
                    name="./issuerLinkText"
                    xtype="textfield"/>
                <issuerLinkURL
                    jcr:primaryType="cq:Widget"
                    fieldLabel="Issuer Website Link URL"
                    name="./issuerLinkURL"
                    xtype="textfield"/>
                <searchText
                    jcr:primaryType="cq:Widget"
                    fieldLabel="Search Placeholder Text"
                    name="./searchText"
                    xtype="textfield"/>
            </items>
        </basic>
    </items>
</jcr:root>
