<?xml version="1.0" encoding="UTF-8"?>
<jcr:root xmlns:sling="http://sling.apache.org/jcr/sling/1.0" xmlns:cq="http://www.day.com/jcr/cq/1.0" xmlns:jcr="http://www.jcp.org/jcr/1.0" xmlns:nt="http://www.jcp.org/jcr/nt/1.0"
    jcr:primaryType="nt:unstructured"
    jcr:title="Email Body"
    sling:resourceType="cq/gui/components/authoring/dialog"
    helpPath="en/cq/current/wcm/default_components.html#Text">
    <content
        jcr:primaryType="nt:unstructured"
        sling:resourceType="granite/ui/components/foundation/section">
        <layout
            jcr:primaryType="nt:unstructured"
            sling:resourceType="granite/ui/components/foundation/layouts/fixedcolumns"
            margin="{Boolean}false"/>
        <items jcr:primaryType="nt:unstructured">
            <column
                jcr:primaryType="nt:unstructured"
                sling:resourceType="granite/ui/components/foundation/container">
                <items jcr:primaryType="nt:unstructured">
                    <subject
                        jcr:primaryType="nt:unstructured"
                        sling:resourceType="granite/ui/components/coral/foundation/form/textfield"
                        fieldLabel="Email Subject"
                        name="./subject"/>
                    <fromEmailAddress
                        jcr:primaryType="nt:unstructured"
                        sling:resourceType="granite/ui/components/coral/foundation/form/textfield"
                        fieldLabel="Sender Email Address"
                        name="./fromEmailAddress"/>
                    <emailFrom
                        jcr:primaryType="nt:unstructured"
                        sling:resourceType="granite/ui/components/coral/foundation/form/textfield"
                        fieldLabel="Email Sender Name"
                        name="./emailFrom"/>
                    <heading
                        jcr:primaryType="nt:unstructured"
                        sling:resourceType="granite/ui/components/foundation/heading"
                        level="{Long}4"
                        text="Email Body Content"/>
                    <well
                        jcr:primaryType="nt:unstructured"
                        sling:resourceType="granite/ui/components/foundation/container">
                        <layout
                            jcr:primaryType="nt:unstructured"
                            sling:resourceType="granite/ui/components/foundation/layouts/well"/>
                        <items jcr:primaryType="nt:unstructured">
                            <emailBody
                                jcr:primaryType="nt:unstructured"
                                sling:resourceType="cq/gui/components/authoring/dialog/richtext"
                                fieldLabel="Email Content"
                                maxLength="20000"
                                name="./emailBody"
                                useFixedInlineToolbar="{Boolean}true">
                                <rtePlugins
                                    jcr:primaryType="nt:unstructured"
                                    sling:resourceSuperType="/apps/vpp_premium/dialogs/StandardRTE/rtePlugins"/>
                                <uiSettings
                                    jcr:primaryType="nt:unstructured"
                                    sling:resourceSuperType="/apps/vpp_premium/dialogs/StandardRTE/uiSettings"/>
                            </emailBody>
                        </items>
                    </well>
                </items>
            </column>
        </items>
    </content>
</jcr:root>
