<?xml version="1.0" encoding="UTF-8"?>
<jcr:root xmlns:sling="http://sling.apache.org/jcr/sling/1.0" xmlns:cq="http://www.day.com/jcr/cq/1.0" xmlns:jcr="http://www.jcp.org/jcr/1.0" xmlns:nt="http://www.jcp.org/jcr/nt/1.0" xmlns:rep="internal"
    jcr:mixinTypes="[rep:AccessControllable]"
    jcr:primaryType="nt:unstructured"
    jcr:title="Security Questions"
    sling:resourceType="cq/gui/components/authoring/dialog"
    helpPath="en/cq/current/wcm/default_components.html#Text">
    <content
        jcr:primaryType="nt:unstructured"
        sling:resourceType="granite/ui/components/foundation/container">
        <layout
            jcr:primaryType="nt:unstructured"
            sling:resourceType="granite/ui/components/foundation/layouts/tabs"
            type="nav"/>
        <items jcr:primaryType="nt:unstructured">
            <Tab
                jcr:primaryType="nt:unstructured"
                jcr:title="Security Questions"
                sling:resourceType="granite/ui/components/foundation/section">
                <layout
                    jcr:primaryType="nt:unstructured"
                    sling:resourceType="granite/ui/components/foundation/layouts/fixedcolumns"
                    margin="{Boolean}false"/>
                <items jcr:primaryType="nt:unstructured">
                    <column
                        jcr:primaryType="nt:unstructured"
                        sling:resourceType="granite/ui/components/foundation/container">
                        <items jcr:primaryType="nt:unstructured">
                            <container
                                jcr:primaryType="nt:unstructured"
                                sling:resourceType="granite/ui/components/foundation/container">
                                <items jcr:primaryType="nt:unstructured">
                                    <title
                                        jcr:primaryType="nt:unstructured"
                                        sling:resourceType="granite/ui/components/foundation/form/textfield"
                                        fieldLabel="Title"
                                        name="./securityQuestionTitle"/>
                                    <security_questions
                                        jcr:primaryType="nt:unstructured"
                                        sling:resourceType="granite/ui/components/foundation/container">
                                        <items jcr:primaryType="nt:unstructured">
                                            <heading
                                                jcr:primaryType="nt:unstructured"
                                                sling:resourceType="granite/ui/components/foundation/heading"
                                                level="4"
                                                text="Security Questions"/>
                                            <well
                                                jcr:primaryType="nt:unstructured"
                                                sling:resourceType="granite/ui/components/foundation/container">
                                                <layout
                                                    jcr:primaryType="nt:unstructured"
                                                    sling:resourceType="granite/ui/components/foundation/layouts/well"/>
                                                <items jcr:primaryType="nt:unstructured">
                                                    <security_question1
                                                        jcr:primaryType="nt:unstructured"
                                                        sling:resourceType="granite/ui/components/foundation/form/textfield"
                                                        fieldLabel="Security Question 1 Placeholder"
                                                        name="./securityQuestion1"/>
                                                    <security_answer1
                                                        jcr:primaryType="nt:unstructured"
                                                        sling:resourceType="granite/ui/components/foundation/form/textfield"
                                                        fieldLabel="Security Answer 1 Placeholder"
                                                        name="./securityAnswer1"/>
                                                    <security_question2
                                                        jcr:primaryType="nt:unstructured"
                                                        sling:resourceType="granite/ui/components/foundation/form/textfield"
                                                        fieldLabel="Security Question 2 Placeholder"
                                                        name="./securityQuestion2"/>
                                                    <security_answer2
                                                        jcr:primaryType="nt:unstructured"
                                                        sling:resourceType="granite/ui/components/foundation/form/textfield"
                                                        fieldLabel="Security Answer 2 Placeholder"
                                                        name="./securityAnswer2"/>
                                                </items>
                                            </well>
                                        </items>
                                    </security_questions>
                                    <message_text
                                        jcr:primaryType="nt:unstructured"
                                        sling:resourceType="cq/gui/components/authoring/dialog/richtext"
                                        fieldLabel="Message Text"
                                        name="./messageText"
                                        useFixedInlineToolbar="{Boolean}true">
                                        <rtePlugins
                                            jcr:primaryType="nt:unstructured"
                                            sling:resourceSuperType="/apps/vpp/dialogs/StandardRTE/rtePlugins"/>
                                        <uiSettings
                                            jcr:primaryType="nt:unstructured"
                                            sling:resourceSuperType="/apps/vpp/dialogs/StandardRTE/uiSettings"/>
                                    </message_text>
                                    <attestation_message_text
                                        jcr:primaryType="nt:unstructured"
                                        sling:resourceType="cq/gui/components/authoring/dialog/richtext"
                                        fieldLabel="Attestation Message Text"
                                        name="./attestationMessageText"
                                        useFixedInlineToolbar="{Boolean}true">
                                        <rtePlugins
                                            jcr:primaryType="nt:unstructured"
                                            sling:resourceSuperType="/apps/vpp/dialogs/StandardRTE/rtePlugins"/>
                                        <uiSettings
                                            jcr:primaryType="nt:unstructured"
                                            sling:resourceSuperType="/apps/vpp/dialogs/StandardRTE/uiSettings"/>
                                    </attestation_message_text>
                                    <register_button_text
                                        jcr:primaryType="nt:unstructured"
                                        sling:resourceType="granite/ui/components/foundation/form/textfield"
                                        fieldLabel="Register Button Text"
                                        name="./registerButtonText"/>
                                    <back_link_text
                                        jcr:primaryType="nt:unstructured"
                                        sling:resourceType="granite/ui/components/foundation/form/textfield"
                                        fieldLabel="Back Link text"
                                        name="./backLinkText"/>
                                </items>
                            </container>
                        </items>
                    </column>
                </items>
            </Tab>
        </items>
    </content>
</jcr:root>
