<?xml version="1.0" encoding="UTF-8"?>
<jcr:root xmlns:sling="http://sling.apache.org/jcr/sling/1.0" xmlns:cq="http://www.day.com/jcr/cq/1.0" xmlns:jcr="http://www.jcp.org/jcr/1.0" xmlns:nt="http://www.jcp.org/jcr/nt/1.0"
    jcr:primaryType="nt:unstructured"
    jcr:title="Concierge Carousel"
    sling:resourceType="cq/gui/components/authoring/dialog"
    extraClientlibs="[premium.image.multi]">
    <content
        jcr:primaryType="nt:unstructured"
        sling:resourceType="granite/ui/components/foundation/container">
        <layout
            jcr:primaryType="nt:unstructured"
            sling:resourceType="granite/ui/components/foundation/layouts/tabs"
            type="nav"/>
        <items jcr:primaryType="nt:unstructured">
            <Tab1
                jcr:primaryType="nt:unstructured"
                jcr:title="Carousel Images"
                sling:resourceType="granite/ui/components/foundation/section">
                <layout
                    jcr:primaryType="nt:unstructured"
                    sling:resourceType="granite/ui/components/foundation/layouts/fixedcolumns"
                    margin="{Boolean}false"/>
                <items jcr:primaryType="nt:unstructured">
                    <column
                        jcr:primaryType="nt:unstructured"
                        sling:resourceType="granite/ui/components/foundation/container">
                        <items jcr:primaryType="nt:unstructured">
                            <carousel
                                jcr:primaryType="nt:unstructured"
                                sling:resourceType="granite/ui/components/foundation/form/multifield"
                                class="full-width"
                                eaem-nested=""
                                fieldDescription="Click '+' to add a new field"
                                fieldLabel="Carousel Content">
                                <field
                                    jcr:primaryType="nt:unstructured"
                                    sling:resourceType="granite/ui/components/foundation/form/fieldset"
                                    name="./carousel">
                                    <layout
                                        jcr:primaryType="nt:unstructured"
                                        sling:resourceType="granite/ui/components/foundation/layouts/fixedcolumns"
                                        method="absolute"/>
                                    <items jcr:primaryType="nt:unstructured">
                                        <column
                                            jcr:primaryType="nt:unstructured"
                                            sling:resourceType="granite/ui/components/foundation/container">
                                            <items jcr:primaryType="nt:unstructured">
                                                <heroImage
                                                    jcr:primaryType="nt:unstructured"
                                                    sling:resourceType="granite/ui/components/foundation/form/fileupload"
                                                    allowUpload="{Boolean}false"
                                                    autoStart="{Boolean}false"
                                                    class="cq-droptarget"
                                                    fieldLabel="Image asset"
                                                    fileNameParameter="./linkName"
                                                    fileReferenceParameter="./heroImage"
                                                    mimeTypes="[image]"
                                                    multiple="{Boolean}false"
                                                    name="./link"
                                                    title="Upload Image Asset"
                                                    uploadUrl="${suffix.path}"
                                                    useHTML5="{Boolean}true"/>
                                                <slideText
                                                    jcr:primaryType="nt:unstructured"
                                                    sling:resourceType="granite/ui/components/foundation/form/textfield"
                                                    fieldLabel="Slide Text"
                                                    name="./slideText"/>
                                            </items>
                                        </column>
                                    </items>
                                </field>
                            </carousel>
                        </items>
                    </column>
                </items>
            </Tab1>
            <Tab2
                jcr:primaryType="nt:unstructured"
                jcr:title="Contact Information"
                sling:resourceType="granite/ui/components/foundation/section">
                <layout
                    jcr:primaryType="nt:unstructured"
                    sling:resourceType="granite/ui/components/foundation/layouts/fixedcolumns"
                    margin="{Boolean}false"/>
                <items jcr:primaryType="nt:unstructured">
                    <column
                        jcr:primaryType="nt:unstructured"
                        sling:resourceType="granite/ui/components/foundation/container">
                        <items jcr:primaryType="nt:unstructured">
                            <accessibleText
                                jcr:primaryType="nt:unstructured"
                                sling:resourceType="granite/ui/components/foundation/form/textarea"
                                fieldLabel="Accessible Text"
                                name="./accessibleText"/>
                            <contactInfo
                                jcr:primaryType="nt:unstructured"
                                sling:resourceType="cq/gui/components/authoring/dialog/richtext"
                                fieldLabel="Contact Information"
                                name="./contactInfo"
                                useFixedInlineToolbar="{Boolean}true">
                                <rtePlugins
                                    jcr:primaryType="nt:unstructured"
                                    sling:resourceSuperType="/apps/vpp/dialogs/StandardRTE/rtePlugins"/>
                                <uiSettings
                                    jcr:primaryType="nt:unstructured"
                                    sling:resourceSuperType="/apps/vpp/dialogs/StandardRTE/uiSettings"/>
                            </contactInfo>
                            <messageText
                                jcr:primaryType="nt:unstructured"
                                sling:resourceType="granite/ui/components/foundation/form/textarea"
                                fieldLabel=" Welcome Message Text"
                                name="./messageText"/>
                        </items>
                    </column>
                </items>
            </Tab2>
        </items>
    </content>
</jcr:root>
