<?xml version="1.0" encoding="UTF-8"?>
<jcr:root xmlns:sling="http://sling.apache.org/jcr/sling/1.0" xmlns:cq="http://www.day.com/jcr/cq/1.0" xmlns:jcr="http://www.jcp.org/jcr/1.0" xmlns:nt="http://www.jcp.org/jcr/nt/1.0"
    jcr:primaryType="nt:unstructured"
    jcr:title="Concierge Form"
    sling:resourceType="cq/gui/components/authoring/dialog"
    helpPath="en/cq/current/wcm/default_components.html#Text">
    <content
        jcr:primaryType="nt:unstructured"
        sling:resourceType="granite/ui/components/foundation/container">
        <layout
            jcr:primaryType="nt:unstructured"
            sling:resourceType="granite/ui/components/foundation/layouts/tabs"
            type="nav"/>
        <items jcr:primaryType="nt:unstructured">
            <Tab1
                jcr:primaryType="nt:unstructured"
                jcr:title="Tab 1"
                sling:resourceType="granite/ui/components/foundation/section">
                <layout
                    jcr:primaryType="nt:unstructured"
                    sling:resourceType="granite/ui/components/foundation/layouts/fixedcolumns"
                    margin="{Boolean}false"/>
                <items jcr:primaryType="nt:unstructured">
                    <column
                        jcr:primaryType="nt:unstructured"
                        sling:resourceType="granite/ui/components/foundation/container">
                        <items jcr:primaryType="nt:unstructured">
                            <heading
                                jcr:primaryType="nt:unstructured"
                                sling:resourceType="granite/ui/components/foundation/form/textfield"
                                fieldLabel="Heading"
                                name="./heading"/>
                            <phoneText
                                jcr:primaryType="nt:unstructured"
                                sling:resourceType="granite/ui/components/foundation/form/textfield"
                                fieldLabel="Phone Number Label"
                                name="./phoneNumberLabel"/>
                            <phoneValidationText
                                jcr:primaryType="nt:unstructured"
                                sling:resourceType="cq/gui/components/authoring/dialog/richtext"
                                fieldLabel="Phone Number Validation Message"
                                name="./phoneNumberValidationMessage"
								useFixedInlineToolbar="{Boolean}true">
                                <rtePlugins
                                    jcr:primaryType="nt:unstructured"
                                    sling:resourceSuperType="/apps/vpp/dialogs/StandardRTE/rtePlugins"/>
                                <uiSettings
                                    jcr:primaryType="nt:unstructured"
                                    sling:resourceSuperType="/apps/vpp/dialogs/StandardRTE/uiSettings"/>
                            </phoneValidationText>
                            <commentText
                                jcr:primaryType="nt:unstructured"
                                sling:resourceType="granite/ui/components/foundation/form/textarea"
                                fieldLabel="Comment Textbox Label"
                                name="./commentTextboxLabel"/>
                            <buttonLabel
                                jcr:primaryType="nt:unstructured"
                                sling:resourceType="granite/ui/components/foundation/form/textfield"
                                fieldLabel="Send Button Label Text"
                                name="./buttonLabel"/>
                        </items>
                    </column>
                </items>
            </Tab1>
            <Tab2
                jcr:primaryType="nt:unstructured"
                jcr:title="Tab 2"
                sling:resourceType="granite/ui/components/foundation/section">
                <layout
                    jcr:primaryType="nt:unstructured"
                    sling:resourceType="granite/ui/components/foundation/layouts/fixedcolumns"
                    margin="{Boolean}false"/>
                <items jcr:primaryType="nt:unstructured">
                    <column
                        jcr:primaryType="nt:unstructured"
                        sling:resourceType="granite/ui/components/foundation/container">
                        <items jcr:primaryType="nt:unstructured">
                            <title
                                jcr:primaryType="nt:unstructured"
                                sling:resourceType="granite/ui/components/foundation/form/textfield"
                                fieldLabel="Title"
                                name="./title"/>
                            <description
                                jcr:primaryType="nt:unstructured"
                                sling:resourceType="cq/gui/components/authoring/dialog/richtext"
                                fieldLabel="Description"
                                name="./description"
                                useFixedInlineToolbar="{Boolean}true">
                                <rtePlugins
                                    jcr:primaryType="nt:unstructured"
                                    sling:resourceSuperType="/apps/vpp/dialogs/StandardRTE/rtePlugins"/>
                                <uiSettings
                                    jcr:primaryType="nt:unstructured"
                                    sling:resourceSuperType="/apps/vpp/dialogs/StandardRTE/uiSettings"/>
                            </description>
                            <disclaimer
                                jcr:primaryType="nt:unstructured"
                                sling:resourceType="granite/ui/components/foundation/form/textarea"
                                fieldLabel="Disclaimer"
                                name="./disclaimer"/>
                            <addLinks
                                jcr:primaryType="nt:unstructured"
                                sling:resourceType="granite/ui/components/foundation/form/multifield"
                                class="full-width"
                                fieldLabel="Footer Links"
                                max="{Long}5">
                                <field
                                    jcr:primaryType="nt:unstructured"
                                    sling:resourceType="granite/ui/components/foundation/form/fieldset"
                                    acs-commons-nested="JSON_STORE"
                                    name="./linkMap">
                                    <layout
                                        jcr:primaryType="nt:unstructured"
                                        sling:resourceType="granite/ui/components/foundation/layouts/fixedcolumns"
                                        method="absolute"/>
                                    <items jcr:primaryType="nt:unstructured">
                                        <column
                                            jcr:primaryType="nt:unstructured"
                                            sling:resourceType="granite/ui/components/foundation/container">
                                            <items jcr:primaryType="nt:unstructured">
                                                <footerTitle
                                                    jcr:primaryType="nt:unstructured"
                                                    sling:resourceType="granite/ui/components/foundation/form/textfield"
                                                    fieldLabel="Link Title"
                                                    name="./linkTitle"/>
                                                <linkType
                                                    jcr:primaryType="nt:unstructured"
                                                    sling:resourceType="granite/ui/components/foundation/form/select"
                                                    cq-dialog-multifield-dropdown-showhide=""
                                                    cq-dialog-showhide-target=".internal-external-hide-show"
                                                    fieldLabel="Link Type"
                                                    name="./linkType">
                                                    <items jcr:primaryType="nt:unstructured">
                                                        <internal
                                                            jcr:primaryType="nt:unstructured"
                                                            text="Internal"
                                                            value="internal"/>
                                                        <external
                                                            jcr:primaryType="nt:unstructured"
                                                            text="External"
                                                            value="external"/>
                                                    </items>
                                                </linkType>
                                                <displayText
                                                    jcr:primaryType="nt:unstructured"
                                                    sling:resourceType="granite/ui/components/foundation/form/textfield"
                                                    class="hide internal-external-hide-show"
                                                    fieldLabel="Link Path"/>
                                                <internalPathField
                                                    jcr:primaryType="nt:unstructured"
                                                    sling:resourceType="/libs/granite/ui/components/foundation/form/pathbrowser"
                                                    class="hide internal-external-hide-show"
                                                    name="./internalLink"
                                                    rootPath="/content/vpp/premium"
                                                    showhidetargetvalue="internal"/>
                                                <externalURL
                                                    jcr:primaryType="nt:unstructured"
                                                    sling:resourceType="granite/ui/components/foundation/form/textfield"
                                                    class="hide internal-external-hide-show"
                                                    name="./externalLink"
                                                    showhidetargetvalue="external"/>
                                                <target
                                                    jcr:primaryType="nt:unstructured"
                                                    sling:resourceType="granite/ui/components/foundation/form/select"
                                                    fieldLabel="Open In"
                                                    name="./target">
                                                    <items jcr:primaryType="nt:unstructured">
                                                        <self
                                                            jcr:primaryType="nt:unstructured"
                                                            text="Same Window"
                                                            value="_self"/>
                                                        <blank
                                                            jcr:primaryType="nt:unstructured"
                                                            text="New Window"
                                                            value="_blank"/>
                                                    </items>
                                                </target>
                                            </items>
                                        </column>
                                    </items>
                                </field>
                            </addLinks>
                        </items>
                    </column>
                </items>
            </Tab2>
        </items>
    </content>
</jcr:root>
