<?xml version="1.0" encoding="UTF-8"?>
<jcr:root xmlns:sling="http://sling.apache.org/jcr/sling/1.0" xmlns:cq="http://www.day.com/jcr/cq/1.0" xmlns:jcr="http://www.jcp.org/jcr/1.0" xmlns:nt="http://www.jcp.org/jcr/nt/1.0"
    jcr:isCheckedOut="{Boolean}false"
    jcr:primaryType="cq:WorkflowModel"
    jcr:uuid="a3b58d4d-a150-43f0-918a-41587758eadf"
    sling:resourceType="cq/workflow/components/model"
    description="No Description"
    title="VPP Page Activation">
    <metaData
        cq:lastModified="{Long}1505282416078"
        cq:lastModifiedBy="admin"
        jcr:primaryType="nt:unstructured"/>
    <nodes jcr:primaryType="nt:unstructured">
        <node0
            jcr:primaryType="cq:WorkflowNode"
            title="Start"
            type="START">
            <metaData jcr:primaryType="nt:unstructured"/>
        </node0>
        <node1
            jcr:primaryType="cq:WorkflowNode"
            description="Lack of permission to request for publishing this page."
            title="Bad Request Identifier"
            type="PROCESS">
            <metaData
                jcr:primaryType="nt:unstructured"
                PROCESS="com.visa.vpp.workflow.BadRequestIdentifier"/>
        </node1>
        <node2
            jcr:primaryType="cq:WorkflowNode"
            title="OR_SPLIT"
            type="OR_SPLIT">
            <metaData jcr:primaryType="nt:unstructured"/>
        </node2>
        <node3
            jcr:primaryType="cq:WorkflowNode"
            title="OR_JOIN"
            type="OR_JOIN">
            <metaData jcr:primaryType="nt:unstructured"/>
        </node3>
        <node4
            jcr:primaryType="cq:WorkflowNode"
            description="This is a bad request."
            title="True"
            type="PROCESS">
            <metaData
                jcr:primaryType="nt:unstructured"
                PROCESS="/etc/workflow/scripts/noop.ecma"
                PROCESS_AUTO_ADVANCE="true"/>
        </node4>
        <node5
            jcr:primaryType="cq:WorkflowNode"
            description="Lack of permission to request for publishing this page"
            title="Invalid publish page request"
            type="DYNAMIC_PARTICIPANT">
            <metaData
                jcr:primaryType="nt:unstructured"
                DYNAMIC_PARTICIPANT="/etc/workflow/scripts/initiator-participant-chooser.ecma"
                PROCESS_AUTO_ADVANCE="true"/>
        </node5>
        <node6
            jcr:primaryType="cq:WorkflowNode"
            description="A no operation process"
            title="False"
            type="PROCESS">
            <metaData
                jcr:primaryType="nt:unstructured"
                PROCESS="/etc/workflow/scripts/noop.ecma"
                PROCESS_AUTO_ADVANCE="true"/>
        </node6>
        <node7
            jcr:primaryType="cq:WorkflowNode"
            description="This step is used to identify the initiator"
            title="Identify the Initiator"
            type="PROCESS">
            <metaData
                jcr:primaryType="nt:unstructured"
                PROCESS="com.visa.vpp.workflow.CustomWorkFlowInitiator"/>
        </node7>
        <node8
            jcr:primaryType="cq:WorkflowNode"
            title="OR_SPLIT"
            type="OR_SPLIT">
            <metaData jcr:primaryType="nt:unstructured"/>
        </node8>
        <node9
            jcr:primaryType="cq:WorkflowNode"
            title="OR_JOIN"
            type="OR_JOIN">
            <metaData jcr:primaryType="nt:unstructured"/>
        </node9>
        <node10
            jcr:primaryType="cq:WorkflowNode"
            description="A no operation process"
            title="Approver/VppAdmin"
            type="PROCESS">
            <metaData
                jcr:primaryType="nt:unstructured"
                PROCESS="/etc/workflow/scripts/noop.ecma"
                PROCESS_AUTO_ADVANCE="true"/>
        </node10>
        <node11
            jcr:primaryType="cq:WorkflowNode"
            description="This step is used to identify the page Template"
            title="Identify the Page"
            type="PROCESS">
            <metaData
                jcr:primaryType="nt:unstructured"
                PROCESS="com.visa.vpp.workflow.IdentifyVppPage"/>
        </node11>
        <node12
            jcr:primaryType="cq:WorkflowNode"
            title="OR_SPLIT"
            type="OR_SPLIT">
            <metaData jcr:primaryType="nt:unstructured"/>
        </node12>
        <node13
            jcr:primaryType="cq:WorkflowNode"
            title="OR_JOIN"
            type="OR_JOIN">
            <metaData jcr:primaryType="nt:unstructured"/>
        </node13>
        <node14
            jcr:primaryType="cq:WorkflowNode"
            description="A no operation process"
            title="Category Page"
            type="PROCESS">
            <metaData
                jcr:primaryType="nt:unstructured"
                PROCESS="/etc/workflow/scripts/noop.ecma"
                PROCESS_AUTO_ADVANCE="true"/>
        </node14>
        <node15
            jcr:primaryType="cq:WorkflowNode"
            description="This step is used to set the publish status to category Page."
            title="Set Activate Property of Category Page"
            type="PROCESS">
            <metaData
                jcr:primaryType="nt:unstructured"
                PROCESS="com.visa.vpp.workflow.SetCategoryPagePublishStatus"
                PROCESS_ARGS="ACTIVATED"
                PROCESS_AUTO_ADVANCE="true"/>
        </node15>
        <node16
            jcr:primaryType="cq:WorkflowNode"
            description="This step is used to create landing page json and remove category page json and replicate the landing page json"
            title="Create Landing Pages JSON"
            type="PROCESS">
            <metaData
                jcr:primaryType="nt:unstructured"
                PROCESS="com.visa.vpp.workflow.CreateLandingPageJson"
                PROCESS_AUTO_ADVANCE="true"/>
        </node16>
        <node17
            jcr:primaryType="cq:WorkflowNode"
            description="This step is used to activate the landing page JSON,the parent page of this category page"
            title="Activate Landing Page JSON"
            type="PROCESS">
            <metaData
                jcr:primaryType="nt:unstructured"
                PROCESS="com.visa.vpp.workflow.PublishLandingJsonFile"
                PROCESS_AUTO_ADVANCE="true"/>
        </node17>
        <node18
            jcr:primaryType="cq:WorkflowNode"
            description="This step is used to activate the category Page"
            title="Activate Category Page"
            type="PROCESS">
            <metaData
                jcr:primaryType="nt:unstructured"
                PROCESS="com.visa.vpp.workflow.PublishPage"
                PROCESS_AUTO_ADVANCE="true"/>
        </node18>
        <node19
            jcr:primaryType="cq:WorkflowNode"
            description="A no operation process"
            title="Offer Page"
            type="PROCESS">
            <metaData
                jcr:primaryType="nt:unstructured"
                PROCESS="/etc/workflow/scripts/noop.ecma"
                PROCESS_AUTO_ADVANCE="true"/>
        </node19>
        <node20
            jcr:primaryType="cq:WorkflowNode"
            description="This stage will update the approval status into the aggregated JSON and the page ."
            title="Update the approval status"
            type="PROCESS">
            <metaData
                jcr:primaryType="nt:unstructured"
                PROCESS="com.visa.vpp.workflow.UpdateOfferJson"
                PROCESS_AUTO_ADVANCE="true"/>
        </node20>
        <node21
            jcr:primaryType="cq:WorkflowNode"
            title="Update category Pages where current offer is Tagged "
            type="PROCESS">
            <metaData
                jcr:primaryType="nt:unstructured"
                PROCESS="com.visa.vpp.workflow.UpdateCategoryPages"
                PROCESS_AUTO_ADVANCE="true"/>
        </node21>
        <node22
            jcr:primaryType="cq:WorkflowNode"
            description="This Step will Activate The Offer Page and Aggregated JSON Files ."
            title="Activate The Offer Page and Aggregated JSON Files"
            type="PROCESS">
            <metaData
                jcr:primaryType="nt:unstructured"
                PROCESS="com.visa.vpp.workflow.PublishOfferRelatedPages"
                PROCESS_AUTO_ADVANCE="true"/>
        </node22>
        <node23
            jcr:primaryType="cq:WorkflowNode"
            description="A no operation process"
            title="Other Pages"
            type="PROCESS">
            <metaData
                jcr:primaryType="nt:unstructured"
                PROCESS="/etc/workflow/scripts/noop.ecma"
                PROCESS_AUTO_ADVANCE="true"/>
        </node23>
        <node24
            jcr:primaryType="cq:WorkflowNode"
            description="This step is used to activate the Page"
            title="Activate the Page"
            type="PROCESS">
            <metaData
                jcr:primaryType="nt:unstructured"
                PROCESS="com.visa.vpp.workflow.PublishPage"
                PROCESS_AUTO_ADVANCE="true"/>
        </node24>
        <node25
            jcr:primaryType="cq:WorkflowNode"
            description="A no operation process"
            title="Author"
            type="PROCESS">
            <metaData
                jcr:primaryType="nt:unstructured"
                PROCESS="/etc/workflow/scripts/noop.ecma"
                PROCESS_AUTO_ADVANCE="true"/>
        </node25>
        <node26
            jcr:primaryType="cq:WorkflowNode"
            description="Please approve this request to publish page to live site."
            title="Request to publish page"
            type="DYNAMIC_PARTICIPANT">
            <metaData
                jcr:primaryType="nt:unstructured"
                DYNAMIC_PARTICIPANT="com.visa.vpp.workflow.VppDynamicParticipantStep"/>
        </node26>
        <node27
            jcr:primaryType="cq:WorkflowNode"
            title="OR_SPLIT"
            type="OR_SPLIT">
            <metaData jcr:primaryType="nt:unstructured"/>
        </node27>
        <node28
            jcr:primaryType="cq:WorkflowNode"
            title="OR_JOIN"
            type="OR_JOIN">
            <metaData jcr:primaryType="nt:unstructured"/>
        </node28>
        <node29
            jcr:primaryType="cq:WorkflowNode"
            description="Send Notification with the message"
            title="Approve"
            type="PROCESS">
            <metaData
                jcr:primaryType="nt:unstructured"
                PROCESS="/etc/workflow/scripts/noop.ecma"
                PROCESS_AUTO_ADVANCE="true"/>
        </node29>
        <node30
            jcr:primaryType="cq:WorkflowNode"
            description="This step is used to identify the page Template"
            title="Identify the Page"
            type="PROCESS">
            <metaData
                jcr:primaryType="nt:unstructured"
                PROCESS="com.visa.vpp.workflow.IdentifyVppPage"/>
        </node30>
        <node31
            jcr:primaryType="cq:WorkflowNode"
            title="OR_SPLIT"
            type="OR_SPLIT">
            <metaData jcr:primaryType="nt:unstructured"/>
        </node31>
        <node32
            jcr:primaryType="cq:WorkflowNode"
            title="OR_JOIN"
            type="OR_JOIN">
            <metaData jcr:primaryType="nt:unstructured"/>
        </node32>
        <node33
            jcr:primaryType="cq:WorkflowNode"
            description="A no operation process"
            title="Category Page"
            type="PROCESS">
            <metaData
                jcr:primaryType="nt:unstructured"
                PROCESS="/etc/workflow/scripts/noop.ecma"
                PROCESS_AUTO_ADVANCE="true"/>
        </node33>
        <node34
            jcr:primaryType="cq:WorkflowNode"
            description="This step is used to set the publish status to category Page."
            title="Set Activate Property of Category Page"
            type="PROCESS">
            <metaData
                jcr:primaryType="nt:unstructured"
                PROCESS="com.visa.vpp.workflow.SetCategoryPagePublishStatus"
                PROCESS_ARGS="ACTIVATED"
                PROCESS_AUTO_ADVANCE="true"/>
        </node34>
        <node35
            jcr:primaryType="cq:WorkflowNode"
            description="This step is used to create landing page json and remove category page json and replicate the landing page json"
            title="Create Landing Pages JSON"
            type="PROCESS">
            <metaData
                jcr:primaryType="nt:unstructured"
                PROCESS="com.visa.vpp.workflow.CreateLandingPageJson"
                PROCESS_AUTO_ADVANCE="true"/>
        </node35>
        <node36
            jcr:primaryType="cq:WorkflowNode"
            description="This step is used to activate the landing page JSON,the parent page of this category page"
            title="Activate Landing Page JSON"
            type="PROCESS">
            <metaData
                jcr:primaryType="nt:unstructured"
                PROCESS="com.visa.vpp.workflow.PublishLandingJsonFile"
                PROCESS_AUTO_ADVANCE="true"/>
        </node36>
        <node37
            jcr:primaryType="cq:WorkflowNode"
            description="This step is used to activate the category Page"
            title="Activate Category Page"
            type="PROCESS">
            <metaData
                jcr:primaryType="nt:unstructured"
                PROCESS="com.visa.vpp.workflow.PublishPage"
                PROCESS_AUTO_ADVANCE="true"/>
        </node37>
        <node38
            jcr:primaryType="cq:WorkflowNode"
            description="A no operation process"
            title="Offer Page"
            type="PROCESS">
            <metaData
                jcr:primaryType="nt:unstructured"
                PROCESS="/etc/workflow/scripts/noop.ecma"
                PROCESS_AUTO_ADVANCE="true"/>
        </node38>
        <node39
            jcr:primaryType="cq:WorkflowNode"
            description="This stage will update the approval status into the aggregated JSON and the page ."
            title="Update the approval status"
            type="PROCESS">
            <metaData
                jcr:primaryType="nt:unstructured"
                PROCESS="com.visa.vpp.workflow.UpdateOfferJson"
                PROCESS_AUTO_ADVANCE="true"/>
        </node39>
        <node40
            jcr:primaryType="cq:WorkflowNode"
            title="Update category Pages where current offer is Tagged "
            type="PROCESS">
            <metaData
                jcr:primaryType="nt:unstructured"
                PROCESS="com.visa.vpp.workflow.UpdateCategoryPages"
                PROCESS_AUTO_ADVANCE="true"/>
        </node40>
        <node41
            jcr:primaryType="cq:WorkflowNode"
            description="This Step will Activate The Offer Page and Aggregated JSON Files ."
            title="Activate The Offer Page and Aggregated JSON Files"
            type="PROCESS">
            <metaData
                jcr:primaryType="nt:unstructured"
                PROCESS="com.visa.vpp.workflow.PublishOfferRelatedPages"
                PROCESS_AUTO_ADVANCE="true"/>
        </node41>
        <node42
            jcr:primaryType="cq:WorkflowNode"
            description="A no operation process"
            title="Other Pages"
            type="PROCESS">
            <metaData
                jcr:primaryType="nt:unstructured"
                PROCESS="/etc/workflow/scripts/noop.ecma"
                PROCESS_AUTO_ADVANCE="true"/>
        </node42>
        <node43
            jcr:primaryType="cq:WorkflowNode"
            description="This step is used to activate the Page"
            title="Activate the Page"
            type="PROCESS">
            <metaData
                jcr:primaryType="nt:unstructured"
                PROCESS="com.visa.vpp.workflow.PublishPage"
                PROCESS_AUTO_ADVANCE="true"/>
        </node43>
        <node44
            jcr:primaryType="cq:WorkflowNode"
            description="This step is route according to the execution of the above workflow steps"
            title="Route Approver Status"
            type="PROCESS">
            <metaData
                jcr:primaryType="nt:unstructured"
                PROCESS="com.visa.vpp.workflow.RouteApprover"/>
        </node44>
        <node45
            jcr:primaryType="cq:WorkflowNode"
            title="OR_SPLIT"
            type="OR_SPLIT">
            <metaData jcr:primaryType="nt:unstructured"/>
        </node45>
        <node46
            jcr:primaryType="cq:WorkflowNode"
            title="OR_JOIN"
            type="OR_JOIN">
            <metaData jcr:primaryType="nt:unstructured"/>
        </node46>
        <node47
            jcr:primaryType="cq:WorkflowNode"
            description="This step is used to route to APPROVED route"
            title="APPROVED"
            type="PROCESS">
            <metaData
                jcr:primaryType="nt:unstructured"
                PROCESS="/etc/workflow/scripts/noop.ecma"
                PROCESS_AUTO_ADVANCE="true"/>
        </node47>
        <node48
            jcr:primaryType="cq:WorkflowNode"
            description="Approver status for publishing page to live site"
            title="Status for publish page request : Approved"
            type="DYNAMIC_PARTICIPANT">
            <metaData
                jcr:primaryType="nt:unstructured"
                DYNAMIC_PARTICIPANT="/etc/workflow/scripts/initiator-participant-chooser.ecma"
                PROCESS_AUTO_ADVANCE="true"/>
        </node48>
        <node49
            jcr:primaryType="cq:WorkflowNode"
            description="This step is used to route to REJECTED route"
            title="REJECTED"
            type="PROCESS">
            <metaData
                jcr:primaryType="nt:unstructured"
                PROCESS="/etc/workflow/scripts/noop.ecma"
                PROCESS_AUTO_ADVANCE="true"/>
        </node49>
        <node50
            jcr:primaryType="cq:WorkflowNode"
            description="Approver status for publishing page to live site"
            title=" Status for publish page request : Rejected"
            type="DYNAMIC_PARTICIPANT">
            <metaData
                jcr:primaryType="nt:unstructured"
                DYNAMIC_PARTICIPANT="/etc/workflow/scripts/initiator-participant-chooser.ecma"
                PROCESS_AUTO_ADVANCE="true"/>
        </node50>
        <node51
            jcr:primaryType="cq:WorkflowNode"
            description="Send Notification with the message"
            title="Reject"
            type="PROCESS">
            <metaData
                jcr:primaryType="nt:unstructured"
                PROCESS="/etc/workflow/scripts/noop.ecma"
                PROCESS_AUTO_ADVANCE="true"/>
        </node51>
        <node52
            jcr:primaryType="cq:WorkflowNode"
            description="Status for publishing page to live site"
            title="Status for publish page request : Rejected"
            type="DYNAMIC_PARTICIPANT">
            <metaData
                jcr:primaryType="nt:unstructured"
                DYNAMIC_PARTICIPANT="/etc/workflow/scripts/initiator-participant-chooser.ecma"
                PROCESS_AUTO_ADVANCE="true"/>
        </node52>
        <node53
            jcr:primaryType="cq:WorkflowNode"
            title="End"
            type="END">
            <metaData jcr:primaryType="nt:unstructured"/>
        </node53>
    </nodes>
    <transitions jcr:primaryType="nt:unstructured">
        <node0_x0023_node1
            jcr:primaryType="cq:WorkflowTransition"
            from="node0"
            rule=""
            to="node1">
            <metaData jcr:primaryType="nt:unstructured"/>
        </node0_x0023_node1>
        <node1_x0023_node2
            jcr:primaryType="cq:WorkflowTransition"
            from="node1"
            to="node2">
            <metaData jcr:primaryType="nt:unstructured"/>
        </node1_x0023_node2>
        <node2_x0023_node4
            jcr:primaryType="cq:WorkflowTransition"
            from="node2"
            rule=""
            to="node4">
            <metaData
                jcr:primaryType="nt:unstructured"
                isDefault="false"/>
        </node2_x0023_node4>
        <node4_x0023_node5
            jcr:primaryType="cq:WorkflowTransition"
            from="node4"
            rule=""
            to="node5">
            <metaData jcr:primaryType="nt:unstructured"/>
        </node4_x0023_node5>
        <node5_x0023_node3
            jcr:primaryType="cq:WorkflowTransition"
            from="node5"
            to="node3">
            <metaData jcr:primaryType="nt:unstructured"/>
        </node5_x0023_node3>
        <node2_x0023_node6
            jcr:primaryType="cq:WorkflowTransition"
            from="node2"
            rule=""
            to="node6">
            <metaData
                jcr:primaryType="nt:unstructured"
                isDefault="false"/>
        </node2_x0023_node6>
        <node6_x0023_node7
            jcr:primaryType="cq:WorkflowTransition"
            from="node6"
            rule=""
            to="node7">
            <metaData jcr:primaryType="nt:unstructured"/>
        </node6_x0023_node7>
        <node7_x0023_node8
            jcr:primaryType="cq:WorkflowTransition"
            from="node7"
            to="node8">
            <metaData jcr:primaryType="nt:unstructured"/>
        </node7_x0023_node8>
        <node8_x0023_node10
            jcr:primaryType="cq:WorkflowTransition"
            from="node8"
            rule=""
            to="node10">
            <metaData
                jcr:primaryType="nt:unstructured"
                isDefault="false"/>
        </node8_x0023_node10>
        <node10_x0023_node11
            jcr:primaryType="cq:WorkflowTransition"
            from="node10"
            rule=""
            to="node11">
            <metaData jcr:primaryType="nt:unstructured"/>
        </node10_x0023_node11>
        <node11_x0023_node12
            jcr:primaryType="cq:WorkflowTransition"
            from="node11"
            to="node12">
            <metaData jcr:primaryType="nt:unstructured"/>
        </node11_x0023_node12>
        <node12_x0023_node14
            jcr:primaryType="cq:WorkflowTransition"
            from="node12"
            rule=""
            to="node14">
            <metaData
                jcr:primaryType="nt:unstructured"
                isDefault="false"/>
        </node12_x0023_node14>
        <node14_x0023_node15
            jcr:primaryType="cq:WorkflowTransition"
            from="node14"
            rule=""
            to="node15">
            <metaData jcr:primaryType="nt:unstructured"/>
        </node14_x0023_node15>
        <node15_x0023_node16
            jcr:primaryType="cq:WorkflowTransition"
            from="node15"
            rule=""
            to="node16">
            <metaData jcr:primaryType="nt:unstructured"/>
        </node15_x0023_node16>
        <node16_x0023_node17
            jcr:primaryType="cq:WorkflowTransition"
            from="node16"
            rule=""
            to="node17">
            <metaData jcr:primaryType="nt:unstructured"/>
        </node16_x0023_node17>
        <node17_x0023_node18
            jcr:primaryType="cq:WorkflowTransition"
            from="node17"
            rule=""
            to="node18">
            <metaData jcr:primaryType="nt:unstructured"/>
        </node17_x0023_node18>
        <node18_x0023_node13
            jcr:primaryType="cq:WorkflowTransition"
            from="node18"
            to="node13">
            <metaData jcr:primaryType="nt:unstructured"/>
        </node18_x0023_node13>
        <node12_x0023_node19
            jcr:primaryType="cq:WorkflowTransition"
            from="node12"
            rule=""
            to="node19">
            <metaData
                jcr:primaryType="nt:unstructured"
                isDefault="false"/>
        </node12_x0023_node19>
        <node19_x0023_node20
            jcr:primaryType="cq:WorkflowTransition"
            from="node19"
            rule=""
            to="node20">
            <metaData jcr:primaryType="nt:unstructured"/>
        </node19_x0023_node20>
        <node20_x0023_node21
            jcr:primaryType="cq:WorkflowTransition"
            from="node20"
            rule=""
            to="node21">
            <metaData jcr:primaryType="nt:unstructured"/>
        </node20_x0023_node21>
        <node21_x0023_node22
            jcr:primaryType="cq:WorkflowTransition"
            from="node21"
            rule=""
            to="node22">
            <metaData jcr:primaryType="nt:unstructured"/>
        </node21_x0023_node22>
        <node22_x0023_node13
            jcr:primaryType="cq:WorkflowTransition"
            from="node22"
            to="node13">
            <metaData jcr:primaryType="nt:unstructured"/>
        </node22_x0023_node13>
        <node12_x0023_node23
            jcr:primaryType="cq:WorkflowTransition"
            from="node12"
            rule=""
            to="node23">
            <metaData
                jcr:primaryType="nt:unstructured"
                isDefault="false"/>
        </node12_x0023_node23>
        <node23_x0023_node24
            jcr:primaryType="cq:WorkflowTransition"
            from="node23"
            rule=""
            to="node24">
            <metaData jcr:primaryType="nt:unstructured"/>
        </node23_x0023_node24>
        <node24_x0023_node13
            jcr:primaryType="cq:WorkflowTransition"
            from="node24"
            to="node13">
            <metaData jcr:primaryType="nt:unstructured"/>
        </node24_x0023_node13>
        <node13_x0023_node9
            jcr:primaryType="cq:WorkflowTransition"
            from="node13"
            to="node9">
            <metaData jcr:primaryType="nt:unstructured"/>
        </node13_x0023_node9>
        <node8_x0023_node25
            jcr:primaryType="cq:WorkflowTransition"
            from="node8"
            rule=""
            to="node25">
            <metaData
                jcr:primaryType="nt:unstructured"
                isDefault="false"/>
        </node8_x0023_node25>
        <node25_x0023_node26
            jcr:primaryType="cq:WorkflowTransition"
            from="node25"
            rule=""
            to="node26">
            <metaData jcr:primaryType="nt:unstructured"/>
        </node25_x0023_node26>
        <node26_x0023_node27
            jcr:primaryType="cq:WorkflowTransition"
            from="node26"
            to="node27">
            <metaData jcr:primaryType="nt:unstructured"/>
        </node26_x0023_node27>
        <node27_x0023_node29
            jcr:primaryType="cq:WorkflowTransition"
            from="node27"
            rule=""
            to="node29">
            <metaData
                jcr:primaryType="nt:unstructured"
                isDefault="false"/>
        </node27_x0023_node29>
        <node29_x0023_node30
            jcr:primaryType="cq:WorkflowTransition"
            from="node29"
            rule=""
            to="node30">
            <metaData jcr:primaryType="nt:unstructured"/>
        </node29_x0023_node30>
        <node30_x0023_node31
            jcr:primaryType="cq:WorkflowTransition"
            from="node30"
            to="node31">
            <metaData jcr:primaryType="nt:unstructured"/>
        </node30_x0023_node31>
        <node31_x0023_node33
            jcr:primaryType="cq:WorkflowTransition"
            from="node31"
            rule=""
            to="node33">
            <metaData
                jcr:primaryType="nt:unstructured"
                isDefault="false"/>
        </node31_x0023_node33>
        <node33_x0023_node34
            jcr:primaryType="cq:WorkflowTransition"
            from="node33"
            rule=""
            to="node34">
            <metaData jcr:primaryType="nt:unstructured"/>
        </node33_x0023_node34>
        <node34_x0023_node35
            jcr:primaryType="cq:WorkflowTransition"
            from="node34"
            rule=""
            to="node35">
            <metaData jcr:primaryType="nt:unstructured"/>
        </node34_x0023_node35>
        <node35_x0023_node36
            jcr:primaryType="cq:WorkflowTransition"
            from="node35"
            rule=""
            to="node36">
            <metaData jcr:primaryType="nt:unstructured"/>
        </node35_x0023_node36>
        <node36_x0023_node37
            jcr:primaryType="cq:WorkflowTransition"
            from="node36"
            rule=""
            to="node37">
            <metaData jcr:primaryType="nt:unstructured"/>
        </node36_x0023_node37>
        <node37_x0023_node32
            jcr:primaryType="cq:WorkflowTransition"
            from="node37"
            to="node32">
            <metaData jcr:primaryType="nt:unstructured"/>
        </node37_x0023_node32>
        <node31_x0023_node38
            jcr:primaryType="cq:WorkflowTransition"
            from="node31"
            rule=""
            to="node38">
            <metaData
                jcr:primaryType="nt:unstructured"
                isDefault="false"/>
        </node31_x0023_node38>
        <node38_x0023_node39
            jcr:primaryType="cq:WorkflowTransition"
            from="node38"
            rule=""
            to="node39">
            <metaData jcr:primaryType="nt:unstructured"/>
        </node38_x0023_node39>
        <node39_x0023_node40
            jcr:primaryType="cq:WorkflowTransition"
            from="node39"
            rule=""
            to="node40">
            <metaData jcr:primaryType="nt:unstructured"/>
        </node39_x0023_node40>
        <node40_x0023_node41
            jcr:primaryType="cq:WorkflowTransition"
            from="node40"
            rule=""
            to="node41">
            <metaData jcr:primaryType="nt:unstructured"/>
        </node40_x0023_node41>
        <node41_x0023_node32
            jcr:primaryType="cq:WorkflowTransition"
            from="node41"
            to="node32">
            <metaData jcr:primaryType="nt:unstructured"/>
        </node41_x0023_node32>
        <node31_x0023_node42
            jcr:primaryType="cq:WorkflowTransition"
            from="node31"
            rule=""
            to="node42">
            <metaData
                jcr:primaryType="nt:unstructured"
                isDefault="false"/>
        </node31_x0023_node42>
        <node42_x0023_node43
            jcr:primaryType="cq:WorkflowTransition"
            from="node42"
            rule=""
            to="node43">
            <metaData jcr:primaryType="nt:unstructured"/>
        </node42_x0023_node43>
        <node43_x0023_node32
            jcr:primaryType="cq:WorkflowTransition"
            from="node43"
            to="node32">
            <metaData jcr:primaryType="nt:unstructured"/>
        </node43_x0023_node32>
        <node32_x0023_node44
            jcr:primaryType="cq:WorkflowTransition"
            from="node32"
            rule=""
            to="node44">
            <metaData jcr:primaryType="nt:unstructured"/>
        </node32_x0023_node44>
        <node44_x0023_node45
            jcr:primaryType="cq:WorkflowTransition"
            from="node44"
            to="node45">
            <metaData jcr:primaryType="nt:unstructured"/>
        </node44_x0023_node45>
        <node45_x0023_node47
            jcr:primaryType="cq:WorkflowTransition"
            from="node45"
            rule=""
            to="node47">
            <metaData
                jcr:primaryType="nt:unstructured"
                isDefault="false"/>
        </node45_x0023_node47>
        <node47_x0023_node48
            jcr:primaryType="cq:WorkflowTransition"
            from="node47"
            rule=""
            to="node48">
            <metaData jcr:primaryType="nt:unstructured"/>
        </node47_x0023_node48>
        <node48_x0023_node46
            jcr:primaryType="cq:WorkflowTransition"
            from="node48"
            to="node46">
            <metaData jcr:primaryType="nt:unstructured"/>
        </node48_x0023_node46>
        <node45_x0023_node49
            jcr:primaryType="cq:WorkflowTransition"
            from="node45"
            rule=""
            to="node49">
            <metaData
                jcr:primaryType="nt:unstructured"
                isDefault="false"/>
        </node45_x0023_node49>
        <node49_x0023_node50
            jcr:primaryType="cq:WorkflowTransition"
            from="node49"
            rule=""
            to="node50">
            <metaData jcr:primaryType="nt:unstructured"/>
        </node49_x0023_node50>
        <node50_x0023_node46
            jcr:primaryType="cq:WorkflowTransition"
            from="node50"
            to="node46">
            <metaData jcr:primaryType="nt:unstructured"/>
        </node50_x0023_node46>
        <node46_x0023_node28
            jcr:primaryType="cq:WorkflowTransition"
            from="node46"
            to="node28">
            <metaData jcr:primaryType="nt:unstructured"/>
        </node46_x0023_node28>
        <node27_x0023_node51
            jcr:primaryType="cq:WorkflowTransition"
            from="node27"
            rule=""
            to="node51">
            <metaData
                jcr:primaryType="nt:unstructured"
                isDefault="false"/>
        </node27_x0023_node51>
        <node51_x0023_node52
            jcr:primaryType="cq:WorkflowTransition"
            from="node51"
            rule=""
            to="node52">
            <metaData jcr:primaryType="nt:unstructured"/>
        </node51_x0023_node52>
        <node52_x0023_node28
            jcr:primaryType="cq:WorkflowTransition"
            from="node52"
            to="node28">
            <metaData jcr:primaryType="nt:unstructured"/>
        </node52_x0023_node28>
        <node28_x0023_node9
            jcr:primaryType="cq:WorkflowTransition"
            from="node28"
            to="node9">
            <metaData jcr:primaryType="nt:unstructured"/>
        </node28_x0023_node9>
        <node9_x0023_node3
            jcr:primaryType="cq:WorkflowTransition"
            from="node9"
            to="node3">
            <metaData jcr:primaryType="nt:unstructured"/>
        </node9_x0023_node3>
        <node3_x0023_node53
            jcr:primaryType="cq:WorkflowTransition"
            from="node3"
            to="node53">
            <metaData jcr:primaryType="nt:unstructured"/>
        </node3_x0023_node53>
    </transitions>
</jcr:root>
