{
    "response": {
        "emailAddress": "sthoondl@visa.com",
        "securityImage": [
            {
                "imageId": 1,
                "imageUrl": "/welcome/images/profile_images/1.jpg"
            },
            {
                "imageId": 2,
                "imageUrl": "/welcome/images/profile_images/2.jpg"
            },
            {
                "imageId": 3,
                "imageUrl": "/welcome/images/profile_images/3.jpg"
            },
            {
                "imageId": 4,
                "imageUrl": "/welcome/images/profile_images/4.jpg"
            },
            {
                "imageId": 5,
                "imageUrl": "/welcome/images/profile_images/5.jpg"
            },
            {
                "imageId": 6,
                "imageUrl": "/welcome/images/profile_images/6.jpg"
            },
            {
                "imageId": 7,
                "imageUrl": "/welcome/images/profile_images/7.jpg"
            },
            {
                "imageId": 8,
                "imageUrl": "/welcome/images/profile_images/8.jpg"
            },
            {
                "imageId": 9,
                "imageUrl": "/welcome/images/profile_images/9.jpg"
            },
            {
                "imageId": 10,
                "imageUrl": "/welcome/images/profile_images/10.jpg"
            },
            {
                "imageId": 11,
                "imageUrl": "/welcome/images/profile_images/11.jpg"
            },
            {
                "imageId": 12,
                "imageUrl": "/welcome/images/profile_images/12.jpg"
            },
            {
                "imageId": 13,
                "imageUrl": "/welcome/images/profile_images/13.jpg"
            },
            {
                "imageId": 14,
                "imageUrl": "/welcome/images/profile_images/14.jpg"
            },
            {
                "imageId": 15,
                "imageUrl": "/welcome/images/profile_images/15.jpg"
            },
            {
                "imageId": 16,
                "imageUrl": "/welcome/images/profile_images/16.jpg"
            },
            {
                "imageId": 17,
                "imageUrl": "/welcome/images/profile_images/17.jpg"
            },
            {
                "imageId": 18,
                "imageUrl": "/welcome/images/profile_images/18.jpg"
            },
            {
                "imageId": 19,
                "imageUrl": "/welcome/images/profile_images/19.jpg"
            },
            {
                "imageId": 20,
                "imageUrl": "/welcome/images/profile_images/20.jpg"
            },
            {
                "imageId": 21,
                "imageUrl": "/welcome/images/profile_images/21.jpg"
            },
            {
                "imageId": 22,
                "imageUrl": "/welcome/images/profile_images/22.jpg"
            },
            {
                "imageId": 23,
                "imageUrl": "/welcome/images/profile_images/23.jpg"
            },
            {
                "imageId": 24,
                "imageUrl": "/welcome/images/profile_images/24.jpg"
            },
            {
                "imageId": 25,
                "imageUrl": "/welcome/images/profile_images/25.jpg"
            },
            {
                "imageId": 26,
                "imageUrl": "/welcome/images/profile_images/26.jpg"
            },
            {
                "imageId": 27,
                "imageUrl": "/welcome/images/profile_images/27.jpg"
            },
            {
                "imageId": 28,
                "imageUrl": "/welcome/images/profile_images/28.jpg"
            },
            {
                "imageId": 29,
                "imageUrl": "/welcome/images/profile_images/29.jpg"
            },
            {
                "imageId": 30,
                "imageUrl": "/welcome/images/profile_images/30.jpg"
            }
        ],
        "securityQuestions": [
            {
                "questionId": 1,
                "questionText": "What was your favorite toy as a child?"
            },
            {
                "questionId": 4,
                "questionText": "What was the last name of your first grade teacher?"
            },
            {
                "questionId": 5,
                "questionText": "What was the nickname you gave your first car?"
            },
            {
                "questionId": 7,
                "questionText": "If not used any more, what was your first phone number?"
            },
            {
                "questionId": 8,
                "questionText": "What is your library card number?"
            },
            {
                "questionId": 10,
                "questionText": "What is the first name of your childhood best friend?"
            },
            {
                "questionId": 11,
                "questionText": "What was the first name of your first manager or boss?"
            },
            {
                "questionId": 12,
                "questionText": "What was your favorite restaurant in college?"
            },
            {
                "questionId": 3,
                "questionText": "Where did you first meet your spouse/partner? Enter full name of city only"
            }
        ]
    },
    "status": {
        "statusCode": "200"
    }
}