{
    "concgImg": [
    {
        "imgId": 30,
        "fileLocation": "./images/profile_images/30.jpg"
    },
    {
        "imgId": 5,
        "fileLocation": "./images/profile_images/5.jpg"
    },
    {
        "imgId": 22,
        "fileLocation": "./images/profile_images/22.jpg"
    },
    {
        "imgId": 26,
        "fileLocation": "./images/profile_images/26.jpg"
    },
    {
        "imgId": 28,
        "fileLocation": "./images/profile_images/28.jpg"
    },
    {
        "imgId": 12,
        "fileLocation": "./images/profile_images/12.jpg"
    },
    {
        "imgId": 14,
        "fileLocation": "./images/profile_images/14.jpg"
    },
    {
        "imgId": 25,
        "fileLocation": "./images/profile_images/25.jpg"
    }],
    "status": "YES"
}