[
{
    "imgId": 6,
    "fileLocation": "./images/profile_images/6.jpg"
},
{
    "imgId": 20,
    "fileLocation": "./images/profile_images/20.jpg"
},
{
    "imgId": 9,
    "fileLocation": "./images/profile_images/9.jpg"
},
{
    "imgId": 29,
    "fileLocation": "./images/profile_images/29.jpg"
},
{
    "imgId": 8,
    "fileLocation": "./images/profile_images/8.jpg"
},
{
    "imgId": 26,
    "fileLocation": "./images/profile_images/26.jpg"
},
{
    "imgId": 18,
    "fileLocation": "./images/profile_images/18.jpg"
},
{
    "imgId": 30,
    "fileLocation": "./images/profile_images/30.jpg"
},
{
    "imgId": 22,
    "fileLocation": "./images/profile_images/22.jpg"
},
{
    "imgId": 3,
    "fileLocation": "./images/profile_images/3.jpg"
},
{
    "imgId": 11,
    "fileLocation": "./images/profile_images/11.jpg"
},
{
    "imgId": 1,
    "fileLocation": "./images/profile_images/1.jpg"
},
{
    "imgId": 27,
    "fileLocation": "./images/profile_images/27.jpg"
},
{
    "imgId": 28,
    "fileLocation": "./images/profile_images/28.jpg"
},
{
    "imgId": 19,
    "fileLocation": "./images/profile_images/19.jpg"
},
{
    "imgId": 14,
    "fileLocation": "./images/profile_images/14.jpg"
},
{
    "imgId": 2,
    "fileLocation": "./images/profile_images/2.jpg"
},
{
    "imgId": 16,
    "fileLocation": "./images/profile_images/16.jpg"
},
{
    "imgId": 4,
    "fileLocation": "./images/profile_images/4.jpg"
},
{
    "imgId": 12,
    "fileLocation": "./images/profile_images/12.jpg"
},
{
    "imgId": 5,
    "fileLocation": "./images/profile_images/5.jpg"
},
{
    "imgId": 25,
    "fileLocation": "./images/profile_images/25.jpg"
},
{
    "imgId": 13,
    "fileLocation": "./images/profile_images/13.jpg"
},
{
    "imgId": 17,
    "fileLocation": "./images/profile_images/17.jpg"
},
{
    "imgId": 24,
    "fileLocation": "./images/profile_images/24.jpg"
},
{
    "imgId": 7,
    "fileLocation": "./images/profile_images/7.jpg"
},
{
    "imgId": 21,
    "fileLocation": "./images/profile_images/21.jpg"
},
{
    "imgId": 15,
    "fileLocation": "./images/profile_images/15.jpg"
},
{
    "imgId": 23,
    "fileLocation": "./images/profile_images/23.jpg"
},
{
    "imgId": 10,
    "fileLocation": "./images/profile_images/10.jpg"
}]