{"userName":"hanair@visa.com","status":"YES"}
[{"questionDescription":"What was your favorite toy as a child?","questionId":1},{"questionDescription":"What was the last name of your first grade teacher?","questionId":4},{"questionDescription":"What was the nickname you gave your first car?","questionId":5},{"questionDescription":"If not used any more, what was your first phone number?","questionId":7},{"questionDescription":"What is your library card number?","questionId":8},{"questionDescription":"What is the first name of your childhood best friend?","questionId":10},{"questionDescription":"What was the first name of your first manager or boss?","questionId":11},{"questionDescription":"What was your favorite restaurant in college?","questionId":12},{"questionDescription":"Where did you first meet your spouse/partner? Enter full name of city only","questionId":3}]


[{"imgId":6,"fileLocation":"/welcome/images/profile_images/6.jpg"},{"imgId":20,"fileLocation":"/welcome/images/profile_images/20.jpg"},{"imgId":9,"fileLocation":"/welcome/images/profile_images/9.jpg"},{"imgId":29,"fileLocation":"/welcome/images/profile_images/29.jpg"},{"imgId":8,"fileLocation":"/welcome/images/profile_images/8.jpg"},{"imgId":26,"fileLocation":"/welcome/images/profile_images/26.jpg"},{"imgId":18,"fileLocation":"/welcome/images/profile_images/18.jpg"},{"imgId":30,"fileLocation":"/welcome/images/profile_images/30.jpg"},{"imgId":22,"fileLocation":"/welcome/images/profile_images/22.jpg"},{"imgId":3,"fileLocation":"/welcome/images/profile_images/3.jpg"},{"imgId":11,"fileLocation":"/welcome/images/profile_images/11.jpg"},{"imgId":1,"fileLocation":"/welcome/images/profile_images/1.jpg"},{"imgId":27,"fileLocation":"/welcome/images/profile_images/27.jpg"},{"imgId":28,"fileLocation":"/welcome/images/profile_images/28.jpg"},{"imgId":19,"fileLocation":"/welcome/images/profile_images/19.jpg"},{"imgId":14,"fileLocation":"/welcome/images/profile_images/14.jpg"},{"imgId":2,"fileLocation":"/welcome/images/profile_images/2.jpg"},{"imgId":16,"fileLocation":"/welcome/images/profile_images/16.jpg"},{"imgId":4,"fileLocation":"/welcome/images/profile_images/4.jpg"},{"imgId":12,"fileLocation":"/welcome/images/profile_images/12.jpg"},{"imgId":5,"fileLocation":"/welcome/images/profile_images/5.jpg"},{"imgId":25,"fileLocation":"/welcome/images/profile_images/25.jpg"},{"imgId":13,"fileLocation":"/welcome/images/profile_images/13.jpg"},{"imgId":17,"fileLocation":"/welcome/images/profile_images/17.jpg"},{"imgId":24,"fileLocation":"/welcome/images/profile_images/24.jpg"},{"imgId":7,"fileLocation":"/welcome/images/profile_images/7.jpg"},{"imgId":21,"fileLocation":"/welcome/images/profile_images/21.jpg"},{"imgId":15,"fileLocation":"/welcome/images/profile_images/15.jpg"},{"imgId":23,"fileLocation":"/welcome/images/profile_images/23.jpg"},{"imgId":10,"fileLocation":"/welcome/images/profile_images/10.jpg"}]

{"status":"OK"}


{"isProductChosen":true,"bankConfig":{"LOGO_FILE":[],"VANITY_URL":[],"OUTSIDE_LANDING_PAGE_FEATURED_TOPIC_TILE":[],"MAIN_NAVIGATION_TOPICS":"","CARD_ENTRY_OVERLAY_INSTRUCTION":[],"BENEFIT_PAGE_HERO_IMAGES_UBS":[],"WELCOME":[],"CARD_SELECT_OR_CARD_NUMBER":[],"LOGO_FILE_BACK":[],"TERMS_AND_CONDITIONS":[],"CONTACT_CONCIERGE_URL":[],"ADS":[],"CONCIERGE_SLIDESHOW":[],"TERMS_AND_CONDITIONS_OPT_IN":[],"TERMS_AND_CONDITIONS_ACCEPTANCE_REQUIRED":[],"ISSURE_PROGRAM_NAME":[],"VISA_AND_YOUR_DATA":[],"LONG_PRODUCT_NAME":[],"EXTERNAL_SITE_WARNING_ENABLE":[],"LANDING_PAGE_HERO_IMAGES":{},"EVENT_LABEL":"","CARD_IMAGES":[],"BENEFIT_PAGE_HERO_IMAGES":[],"SESSION_TIMEOUT_WARN_AFTER":[],"URL_BANK_NAME":[],"PRIVACY_POLICY":[],"INSIDE_LANDING_PAGE_FEATURED_TOPIC_TILE":[],"LANDING_PAGE_OPT_IN":[],"OFFER_PAGE_HERO_IMAGES":[],"CARD_NAME":[],"HOME_LINK_URL":[],"CARD_SELECT_OVERLAY_TITLE":[],"CARD_ENTRY_OVERLAY_SUBTITLE":[],"LANDING_PAGE_WELCOME_MESSAGE":"","URL_PRODUCT_NAME":[],"CAROUSEL":[],"HOMEPAGE_WELCOME":[],"CARD_NUMBER_INPUT_OVERLAY_TITLE":[],"BENEFIT_ENROLLMENT":[],"FAQ":[],"HAS_EMAIL_PREFERENCE":[],"CONTACT_CONCIERGE":[],"HOME_LINK_NAME":[],"CONTACT_US":[],"WEBSITE_CSS":[],"BANK_NAME":[]},"userLastName":"Nair","isHasConciergePhotoPicked":true,"userEmailAddress":"hanair@visa.com","userFirstName":"Harikrishnan","userRoleId":200,"userName":"hanair@visa.com","passwordExpired":false}