[
{
    "questionDescription": "What was your favorite toy as a child?",
    "questionId": 1
},
{
    "questionDescription": "What was the last name of your first grade teacher?",
    "questionId": 4
},
{
    "questionDescription": "What was the nickname you gave your first car?",
    "questionId": 5
},
{
    "questionDescription": "If not used any more, what was your first phone number?",
    "questionId": 7
},
{
    "questionDescription": "What is your library card number?",
    "questionId": 8
},
{
    "questionDescription": "What is the first name of your childhood best friend?",
    "questionId": 10
},
{
    "questionDescription": "What was the first name of your first manager or boss?",
    "questionId": 11
},
{
    "questionDescription": "What was your favorite restaurant in college?",
    "questionId": 12
},
{
    "questionDescription": "Where did you first meet your spouse/partner? Enter full name of city only",
    "questionId": 3
}]